,ID,Gender,Ever_Married,Age,Graduated,Profession,Work_Experience,Spending_Score,Family_Size,Var_1,Segmentation
0,458989,0,1,36,1,2,0,2,1,5,A
1,458994,1,1,37,1,5,8,0,4,5,C
2,458996,0,1,69,0,9,0,2,1,5,D
3,459000,1,1,59,0,4,11,1,2,5,C
4,459001,0,0,19,0,8,4,2,4,5,D
5,459003,1,1,47,1,1,0,1,5,3,C
6,459005,1,1,61,1,1,5,2,3,5,B
7,459008,0,1,47,1,0,1,0,3,5,C
8,459013,1,1,50,1,0,2,0,4,5,C
9,459014,1,0,19,0,5,0,2,4,5,D
10,459015,1,0,22,0,5,0,2,3,5,D
11,459016,0,0,22,0,5,0,2,6,5,D
12,459024,1,1,50,1,0,1,0,5,5,C
13,459026,1,0,27,0,5,8,2,3,2,D
14,459032,1,0,18,0,1,0,2,3,5,D
15,459033,0,1,61,1,0,0,2,1,5,B
16,459036,0,1,20,1,7,1,0,3,2,D
17,459039,1,1,45,1,0,1,0,2,5,C
18,459041,1,1,55,1,0,8,2,1,5,B
19,459045,0,1,88,1,7,1,0,4,5,C
20,459056,1,1,63,0,4,1,1,3,5,B
21,459057,1,1,69,0,7,1,1,3,5,B
22,459058,1,0,42,1,0,0,2,4,2,A
23,459059,1,1,79,0,4,1,1,2,5,B
24,459061,0,1,35,1,5,9,1,3,5,D
25,459064,1,1,27,0,4,5,1,4,5,D
26,459065,1,1,52,1,2,3,2,2,5,A
27,459074,0,0,29,1,5,0,2,4,3,D
28,459077,0,1,79,0,7,1,1,2,5,B
29,459079,1,1,87,1,7,1,1,2,5,B
30,459080,1,1,89,0,7,1,2,2,5,D
31,459083,1,1,63,1,0,9,0,3,7,C
32,459090,1,0,31,0,0,1,2,2,5,A
33,459091,1,1,72,1,0,1,0,6,0,C
34,459093,0,1,41,1,1,9,0,2,7,C
35,459100,0,0,61,1,0,11,2,1,5,B
36,459106,1,1,62,1,0,0,2,2,5,B
37,459114,1,1,56,1,0,1,0,2,5,C
38,459116,1,1,60,1,0,2,0,5,5,C
39,459117,1,1,68,1,0,0,1,2,5,C
40,459118,1,0,19,0,5,2,2,8,5,D
41,459119,1,1,57,1,4,8,1,3,5,C
42,459120,1,0,19,0,5,5,2,5,1,D
43,459121,0,1,51,1,0,3,0,6,5,C
44,459123,0,1,86,0,0,1,1,2,5,B
45,459130,0,1,74,0,7,1,1,2,5,D
46,459132,1,0,23,0,3,6,2,2,5,D
47,459136,1,1,47,1,0,0,0,2,5,C
48,459140,0,0,19,0,5,7,2,6,5,D
49,459143,1,1,50,0,0,0,1,4,5,B
50,459144,1,1,80,1,7,1,1,2,5,B
51,459145,1,1,78,0,7,1,2,1,1,A
52,459150,0,0,48,1,1,0,2,1,5,A
53,459160,1,1,70,1,1,1,0,2,5,C
54,459161,1,1,50,1,4,3,1,5,5,C
55,459162,0,1,83,1,7,0,1,2,5,B
56,459163,1,0,35,1,3,0,2,1,5,A
57,459167,0,0,36,1,0,0,2,2,4,A
58,459170,0,0,35,1,0,1,2,1,5,A
59,459171,1,1,35,1,0,0,0,2,5,C
60,459172,1,0,18,0,5,3,2,3,1,D
61,459175,0,1,73,1,0,1,0,2,5,C
62,459181,1,1,62,0,0,1,1,3,5,B
63,459182,0,1,46,1,0,1,0,2,5,C
64,459184,1,1,43,1,3,0,2,4,3,A
65,459185,0,0,32,1,3,7,2,1,5,D
66,459193,1,0,39,1,0,0,2,1,5,A
67,459194,0,1,89,1,7,0,1,2,5,B
68,459196,0,0,18,0,5,0,2,3,3,D
69,459208,0,1,57,1,0,0,1,2,2,C
70,459209,0,0,18,0,3,0,2,4,5,D
71,459210,0,1,71,1,0,1,1,2,5,C
72,459212,0,1,69,1,0,0,0,2,5,C
73,459213,0,0,42,1,5,0,2,4,5,D
74,459216,0,0,36,1,0,0,2,2,5,A
75,459220,0,1,80,1,7,1,1,2,5,B
76,459221,1,1,69,0,3,2,2,1,5,A
77,459222,0,1,67,1,0,0,0,3,5,C
78,459223,0,1,47,1,1,1,0,4,5,C
79,459224,0,1,49,1,0,0,0,2,5,C
80,459227,0,1,32,0,2,9,2,4,5,D
81,459229,0,1,65,1,7,1,0,4,5,C
82,459236,0,1,78,0,7,0,1,2,5,B
83,459237,1,0,33,1,0,1,2,6,5,C
84,459244,1,1,48,1,0,1,2,1,5,B
85,459247,1,1,58,1,4,1,0,5,5,C
86,459258,0,1,83,1,7,1,1,2,5,B
87,459263,0,0,30,0,5,9,2,4,5,D
88,459264,0,0,35,1,0,0,2,2,5,A
89,459266,1,0,32,1,5,6,2,5,5,D
90,459270,1,1,69,1,6,1,1,2,5,C
91,459284,0,1,71,1,7,1,1,2,5,B
92,459287,1,0,43,1,7,0,2,1,3,D
93,459288,1,1,37,1,0,0,2,2,5,B
94,459289,1,0,42,1,1,0,2,1,5,A
95,459290,0,1,70,1,1,1,0,2,5,C
96,459292,1,0,46,1,0,0,2,2,5,B
97,459293,1,0,21,0,5,3,2,4,0,D
98,459296,1,1,70,1,0,0,0,2,5,C
99,459300,0,1,61,1,0,1,2,2,5,C
100,459307,1,1,60,1,3,1,2,1,5,A
101,459310,1,0,37,1,3,0,2,2,1,D
102,459316,1,1,30,1,5,1,2,2,5,D
103,459318,0,0,32,1,2,1,2,3,5,D
104,459320,1,1,26,1,4,0,2,3,5,D
105,459322,1,0,42,1,8,0,2,1,5,D
106,459323,0,0,18,0,1,4,2,3,5,D
107,459338,1,1,80,0,4,1,2,2,5,D
108,459339,1,1,29,1,5,8,1,2,5,A
109,459344,0,1,88,1,0,1,1,2,5,C
110,459347,1,1,70,1,7,1,2,1,5,D
111,459349,0,1,50,1,0,1,1,4,5,C
112,459352,1,1,43,1,1,4,0,4,2,C
113,459353,1,1,51,1,0,6,0,2,5,C
114,459354,0,1,50,1,0,3,1,3,5,C
115,459355,0,1,74,0,6,2,2,1,5,D
116,459360,0,0,29,1,5,4,2,3,5,D
117,459361,0,0,32,1,2,4,2,2,5,A
118,459362,1,1,60,0,4,0,2,2,5,A
119,459363,1,0,46,1,0,2,2,1,5,B
120,459364,0,1,81,1,8,0,2,2,5,D
121,459369,1,1,41,0,2,1,0,7,3,D
122,459375,1,1,22,0,4,0,1,4,5,D
123,459377,1,1,37,1,0,0,0,3,5,C
124,459383,1,1,43,0,2,0,2,1,5,A
125,459384,1,1,50,1,0,1,0,3,5,C
126,459385,0,1,35,1,0,1,0,2,6,C
127,459386,1,1,65,0,7,1,1,2,5,B
128,459391,0,0,41,1,2,0,2,4,5,C
129,459394,1,0,28,0,3,8,2,2,5,D
130,459397,1,1,55,1,0,4,0,2,5,C
131,459398,0,1,58,0,7,2,1,2,5,D
132,459401,1,0,28,0,5,1,2,3,7,D
133,459403,1,1,48,1,0,2,0,4,6,C
134,459405,0,1,78,0,1,1,1,2,5,B
135,459407,0,0,35,1,1,1,2,3,5,A
136,459409,0,1,76,1,7,0,1,2,5,B
137,459410,0,1,88,1,7,1,1,2,5,B
138,459412,1,1,61,1,9,1,0,3,5,C
139,459413,0,1,79,1,0,2,1,2,5,C
140,459415,1,0,30,0,1,0,2,4,5,D
141,459418,1,1,69,0,4,0,1,2,5,B
142,459419,1,1,65,1,1,1,0,2,5,C
143,459420,0,1,70,1,7,1,2,2,5,D
144,459421,1,1,32,0,5,0,0,4,5,D
145,459422,1,1,46,1,3,2,2,4,5,A
146,459423,1,0,21,0,5,8,2,5,5,D
147,459424,1,1,47,1,1,3,2,3,5,B
148,459428,0,0,39,0,8,0,2,2,3,D
149,459432,1,1,85,1,7,0,2,3,5,A
150,459436,0,0,66,1,0,0,2,2,5,B
151,459439,0,1,50,1,0,1,0,2,5,C
152,459445,0,1,42,1,0,0,0,3,5,C
153,459447,1,1,53,1,0,9,2,1,5,B
154,459449,1,1,37,1,0,3,2,2,5,B
155,459451,0,1,45,1,0,1,2,2,5,B
156,459456,0,0,66,0,7,2,2,1,5,D
157,459458,1,0,33,0,8,3,2,3,5,D
158,459459,1,1,40,1,0,4,2,1,5,B
159,459461,0,1,35,1,0,1,2,1,0,A
160,459464,1,0,27,1,0,4,2,2,5,A
161,459466,0,1,48,1,0,0,0,3,3,C
162,459467,0,1,56,1,0,0,0,2,5,C
163,459469,1,1,25,1,5,3,2,6,5,D
164,459471,0,0,30,0,0,2,2,8,5,C
165,459480,0,1,46,1,3,7,2,3,5,A
166,459481,1,1,49,0,7,0,2,2,5,D
167,459482,1,1,72,0,8,1,2,4,5,D
168,459485,0,1,79,1,7,2,1,2,5,C
169,459496,0,0,35,1,0,3,2,3,5,C
170,459497,0,1,77,1,7,0,2,1,5,D
171,459499,0,1,79,0,7,1,1,2,5,B
172,459503,1,1,42,1,5,6,1,4,5,C
173,459505,0,0,42,1,2,4,2,1,5,A
174,459507,1,1,67,0,7,1,1,2,0,B
175,459509,1,0,26,1,5,1,2,1,5,D
176,459512,1,1,67,1,7,1,1,2,5,C
177,459515,1,1,55,1,2,1,2,1,5,A
178,459516,0,2,56,1,0,3,0,2,5,C
179,459518,1,1,63,2,9,2,0,4,5,C
180,459535,1,1,46,1,0,8,0,2,5,C
181,459536,1,1,32,1,5,7,2,2,5,D
182,459538,0,0,49,1,6,13,2,1,5,D
183,459541,1,1,59,1,0,1,1,2,5,C
184,459549,1,0,22,0,5,8,2,5,3,D
185,459555,0,0,28,1,0,8,2,1,5,A
186,459558,1,0,28,1,3,1,2,3,5,D
187,459564,1,1,75,1,7,2,2,1,5,D
188,459566,0,1,37,1,0,13,2,2,5,B
189,459567,1,1,50,1,1,0,0,2,5,C
190,459571,0,1,50,1,4,1,1,4,5,C
191,459576,0,1,88,0,7,1,2,1,7,D
192,459579,0,1,35,1,0,3,0,5,3,C
193,459581,0,0,35,0,9,3,2,3,6,D
194,459582,1,1,31,0,3,3,0,3,5,D
195,459583,1,1,46,1,0,0,2,1,5,B
196,459585,0,1,50,1,0,1,0,4,5,C
197,459587,0,0,33,1,0,7,2,3,5,C
198,459588,1,1,49,1,0,0,2,1,5,B
199,459591,1,1,52,1,0,1,0,3,5,C
200,459592,1,0,25,0,5,0,2,3,5,D
201,459594,0,1,41,1,0,6,2,1,5,B
202,459597,0,1,68,1,0,0,1,2,5,C
203,459603,0,1,79,0,7,2,1,2,5,B
204,459607,1,1,40,1,3,5,0,5,5,C
205,459608,0,0,62,1,1,3,2,1,5,B
206,459612,1,0,21,0,5,4,2,2,5,D
207,459616,0,0,20,0,5,3,2,4,0,D
208,459617,1,0,28,1,3,1,2,5,5,D
209,459618,1,1,57,1,1,0,0,2,3,C
210,459621,0,0,25,0,5,8,2,3,7,D
211,459625,0,1,63,0,2,8,2,1,5,B
212,459626,0,1,26,0,3,1,2,3,5,D
213,459632,0,1,50,0,8,0,1,3,3,D
214,459644,0,0,30,0,8,9,2,4,1,D
215,459652,0,0,26,0,2,3,2,4,3,D
216,459658,1,1,61,1,0,1,0,3,5,C
217,459664,1,0,42,1,0,3,2,1,5,B
218,459665,1,1,88,1,0,4,2,2,5,B
219,459672,1,1,45,0,0,3,0,3,5,B
220,459673,0,1,86,1,7,1,2,1,5,A
221,459678,1,0,18,0,5,1,2,5,5,D
222,459680,1,0,37,1,3,3,2,1,5,A
223,459686,1,1,46,1,0,1,2,1,5,B
224,459691,1,1,58,0,0,2,0,2,5,C
225,459692,0,1,72,1,7,8,1,2,5,C
226,459693,0,1,50,1,0,0,1,3,7,C
227,459699,0,2,56,1,2,8,0,3,5,C
228,459701,1,0,46,0,0,3,2,3,4,B
229,459710,1,1,57,1,0,2,2,1,5,B
230,459711,1,1,42,0,4,9,1,6,5,D
231,459712,1,0,20,0,5,3,2,4,5,D
232,459713,1,0,19,0,5,4,2,3,5,D
233,459715,1,0,19,0,5,4,2,4,5,D
234,459718,1,1,68,1,4,1,2,1,5,A
235,459725,0,1,40,1,0,0,2,2,5,B
236,459727,1,1,82,0,7,1,1,2,5,B
237,459740,0,0,23,0,5,1,2,3,5,D
238,459742,0,1,84,0,7,1,1,2,5,B
239,459745,1,1,51,0,0,0,2,4,0,A
240,459746,1,2,59,1,0,1,0,2,5,C
241,459747,0,1,41,1,0,1,0,5,5,C
242,459748,1,1,51,0,4,1,1,2,5,B
243,459755,0,1,62,0,0,2,0,3,5,C
244,459756,0,1,62,0,7,1,1,4,3,D
245,459760,0,1,38,1,0,8,2,1,5,B
246,459763,1,0,18,0,0,3,2,4,3,D
247,459767,1,0,22,0,5,3,2,4,5,D
248,459771,0,2,30,1,1,0,2,3,2,A
249,459779,0,1,62,1,3,1,2,1,5,B
250,459780,0,0,43,0,3,1,2,3,5,D
251,459785,0,0,32,1,2,4,2,1,2,A
252,459793,1,1,37,1,0,1,1,3,5,C
253,459795,1,0,48,1,0,1,2,1,5,B
254,459801,0,0,31,1,2,4,2,2,5,A
255,459804,1,1,46,0,0,4,1,4,5,B
256,459806,0,1,49,0,2,1,0,4,5,B
257,459808,1,1,43,0,1,2,0,4,5,B
258,459815,1,0,42,1,0,8,2,1,5,B
259,459816,1,1,37,1,1,3,2,2,5,A
260,459819,1,1,72,1,3,2,1,2,5,C
261,459821,1,2,71,0,4,2,1,1,7,B
262,459822,0,0,39,1,2,1,2,1,3,A
263,459825,1,0,20,0,5,0,2,5,1,D
264,459827,0,0,26,0,9,4,2,1,6,D
265,459832,1,1,72,1,4,1,2,1,5,A
266,459845,1,1,70,1,5,0,2,1,3,A
267,459851,1,0,45,1,0,2,2,1,5,B
268,459853,1,0,33,0,4,7,2,5,5,D
269,459856,1,1,50,0,3,0,0,3,5,B
270,459857,1,0,31,1,3,6,2,1,5,D
271,459861,0,1,74,0,7,1,1,2,5,D
272,459864,0,1,68,0,0,2,1,2,5,B
273,459866,0,0,49,1,0,3,2,1,5,B
274,459867,1,1,49,1,8,0,1,2,5,D
275,459869,0,0,18,0,5,1,2,3,5,D
276,459871,0,1,85,0,3,2,0,2,5,B
277,459885,0,0,38,1,3,3,2,4,5,D
278,459886,1,1,28,0,0,0,2,4,5,D
279,459887,1,1,46,0,0,3,0,2,7,C
280,459889,1,1,59,1,6,9,0,3,5,C
281,459897,0,1,56,1,0,0,2,2,5,B
282,459909,1,1,69,1,0,0,2,1,5,B
283,459910,1,1,66,1,0,0,2,2,5,B
284,459911,1,0,18,0,5,4,2,6,1,D
285,459914,1,0,36,1,0,4,2,1,3,B
286,459923,1,0,31,1,8,1,2,2,2,D
287,459925,1,1,67,0,4,1,1,2,3,A
288,459937,0,0,39,1,0,7,2,1,5,B
289,459943,1,0,42,1,3,4,2,3,5,D
290,459945,1,1,50,1,0,0,2,2,5,B
291,459946,0,1,37,1,0,0,0,2,5,C
292,459949,0,0,59,1,0,0,2,1,5,B
293,459953,1,1,50,1,0,8,2,2,5,B
294,459961,1,1,48,1,0,8,2,3,1,B
295,459962,1,1,55,1,0,9,2,1,5,B
296,459966,0,0,33,1,1,1,2,3,5,A
297,459968,1,0,38,1,0,13,2,1,6,A
298,459970,1,0,43,1,0,0,2,2,5,B
299,459973,0,0,53,1,0,0,2,2,5,B
300,459974,1,0,37,1,3,0,2,1,5,A
301,459975,0,0,36,1,0,5,2,1,5,A
302,459981,1,0,36,1,0,5,2,1,5,A
303,459986,1,1,62,1,0,1,2,1,5,B
304,459995,0,0,38,0,0,2,2,2,5,A
305,459996,1,0,55,1,3,1,2,1,5,A
306,459998,1,1,60,0,3,1,0,2,5,B
307,460004,0,1,36,1,3,7,0,2,4,A
308,460006,1,0,30,0,3,5,2,9,2,D
309,460014,0,0,66,0,3,4,2,3,5,D
310,460023,1,1,45,1,3,1,2,1,5,A
311,460027,0,0,40,1,3,6,2,2,5,A
312,460033,0,2,45,1,3,5,2,3,5,A
313,460036,1,1,41,1,9,2,2,1,5,D
314,460040,0,1,62,1,6,4,2,1,4,A
315,460045,1,1,61,1,0,1,2,2,5,B
316,460046,0,1,50,1,0,4,2,2,5,C
317,460050,1,1,53,1,3,3,2,2,5,A
318,460051,1,0,39,1,0,7,2,1,5,B
319,460052,0,0,86,1,7,0,2,1,2,D
320,460058,1,1,50,1,0,1,2,1,3,A
321,460059,0,0,46,0,3,4,2,3,3,D
322,460061,1,0,52,1,8,0,2,1,2,D
323,460066,0,0,45,0,8,0,2,1,5,D
324,460068,0,0,37,1,0,9,2,1,5,B
325,460073,0,1,36,1,2,3,2,1,5,A
326,460075,0,0,25,1,0,4,2,1,5,A
327,460079,0,0,40,0,1,1,2,1,5,A
328,460081,1,1,41,1,0,11,1,2,5,C
329,460088,0,1,25,1,6,4,1,2,5,D
330,460090,1,1,80,0,7,4,0,2,5,B
331,460093,0,0,46,1,0,3,2,1,2,B
332,460095,0,1,81,1,7,1,2,1,5,D
333,460097,1,2,40,1,0,0,2,2,2,A
334,460099,1,0,49,1,9,1,2,1,2,D
335,460101,0,0,26,1,5,8,2,3,2,D
336,460103,1,0,26,1,0,1,2,1,3,A
337,460105,0,0,47,1,0,0,2,1,3,B
338,460106,0,1,71,1,3,0,2,1,5,B
339,460107,1,1,48,1,2,1,0,5,5,C
340,460108,1,1,39,1,0,1,0,3,1,C
341,460109,1,1,50,1,0,8,0,2,5,C
342,460110,0,0,46,1,0,1,2,2,7,C
343,460112,1,1,26,1,2,8,0,2,2,A
344,460116,0,1,42,1,9,1,2,2,5,D
345,460118,0,1,36,1,0,4,2,2,5,B
346,460119,1,0,29,1,5,1,2,4,5,D
347,460122,0,0,39,0,0,1,2,1,5,A
348,460124,0,0,41,1,0,0,2,3,5,C
349,460126,0,1,48,1,8,8,2,2,5,D
350,460134,1,1,40,1,3,9,1,3,5,C
351,460135,0,0,25,1,5,4,2,3,5,D
352,460140,0,1,41,1,0,7,2,2,5,C
353,460141,1,0,37,1,0,11,2,1,5,A
354,460144,0,0,53,1,1,0,2,2,2,B
355,460146,0,1,51,1,2,0,0,3,2,B
356,460147,1,1,73,1,3,1,0,3,5,C
357,460157,1,1,61,0,9,1,2,5,3,D
358,460160,1,0,39,1,3,5,2,1,2,D
359,460162,0,0,19,0,5,0,2,4,1,D
360,460166,0,0,19,0,5,0,2,7,1,D
361,460167,0,0,23,0,3,1,2,5,1,D
362,460168,1,1,83,1,4,0,1,2,1,B
363,460171,0,1,62,1,0,1,1,2,5,C
364,460174,0,0,43,1,0,9,2,4,5,C
365,460175,0,0,27,0,0,0,2,5,1,D
366,460177,1,0,50,1,0,0,2,1,5,B
367,460179,0,0,23,0,3,0,2,6,1,D
368,460183,1,0,35,0,3,9,2,2,5,D
369,460185,1,0,32,0,5,9,2,3,5,D
370,460187,0,0,42,1,1,2,2,3,5,A
371,460189,1,0,33,0,3,13,2,1,5,D
372,460190,0,0,28,1,3,9,2,3,5,D
373,460192,1,1,35,1,9,1,2,2,6,D
374,460196,0,0,35,1,5,9,2,2,5,D
375,460206,0,1,39,1,3,0,2,2,5,A
376,460211,1,1,28,2,0,6,2,1,5,A
377,460212,1,1,35,1,3,11,2,6,5,C
378,460214,0,1,45,1,2,0,0,2,5,C
379,460222,0,2,73,1,7,4,1,2,5,C
380,460223,1,0,52,0,3,1,2,1,5,A
381,460227,1,0,28,0,5,0,2,3,5,D
382,460242,1,1,38,1,5,9,2,3,5,D
383,460243,0,0,42,1,3,8,2,1,5,A
384,460247,0,0,26,0,1,9,2,3,5,D
385,460248,0,0,27,1,5,7,2,2,5,D
386,460252,1,1,41,1,0,0,2,2,5,B
387,460263,1,1,41,1,0,1,2,2,5,B
388,460265,1,1,47,1,4,0,1,4,5,C
389,460270,1,0,35,1,1,8,2,1,5,A
390,460272,0,0,88,1,7,0,2,1,5,D
391,460275,0,0,46,1,0,6,2,1,5,B
392,460276,0,1,41,1,0,3,2,2,5,C
393,460281,0,0,30,1,1,10,2,5,5,C
394,460283,1,1,43,1,1,12,2,2,5,B
395,460284,0,0,29,1,3,9,2,2,5,D
396,460287,1,1,48,1,0,1,2,1,5,B
397,460289,0,1,61,1,0,4,0,6,3,C
398,460298,0,0,51,1,7,2,2,1,5,D
399,460303,0,0,38,1,0,2,2,1,7,A
400,460305,0,2,49,1,3,0,1,1,5,A
401,460306,0,0,43,1,5,9,2,1,5,D
402,460310,1,0,27,0,5,14,2,4,5,D
403,460315,0,0,35,0,1,14,2,6,6,D
404,460319,0,1,39,0,1,4,0,2,6,B
405,460322,0,1,52,0,2,9,2,2,5,A
406,460323,0,0,38,1,2,10,2,1,5,A
407,460324,0,0,30,1,3,12,2,2,5,D
408,460327,0,0,43,1,0,10,2,1,5,B
409,460333,0,0,42,0,3,10,2,4,5,D
410,460336,0,0,46,1,0,2,2,1,6,B
411,460340,0,0,47,1,0,11,2,2,5,B
412,460341,0,0,32,0,3,13,2,5,6,D
413,460344,0,1,53,1,0,11,0,2,5,C
414,460346,0,1,43,1,0,12,0,2,5,C
415,460348,0,0,39,1,0,0,2,2,5,A
416,460349,1,2,42,1,0,3,0,2,5,C
417,460354,0,0,37,1,0,3,2,1,2,A
418,460356,1,0,19,0,5,0,2,4,5,D
419,460358,1,0,30,0,8,1,2,1,2,D
420,460361,0,1,49,1,0,0,2,1,3,B
421,460362,1,1,55,1,5,0,2,3,3,A
422,460365,0,1,59,1,1,1,2,2,3,B
423,460369,0,1,46,1,0,3,2,2,5,C
424,460370,0,1,27,1,4,9,1,2,5,D
425,460371,0,0,25,1,0,1,2,2,5,A
426,460378,0,0,37,1,1,1,2,1,5,A
427,460379,1,0,38,1,0,9,2,3,5,C
428,460380,1,0,29,1,3,9,2,3,5,D
429,460381,1,0,28,1,0,11,2,2,5,A
430,460384,0,1,27,1,8,8,2,2,5,D
431,460387,0,0,42,0,3,3,2,2,5,D
432,460388,0,0,43,1,0,14,2,2,5,B
433,460389,0,1,40,1,5,8,0,2,5,A
434,460390,1,0,41,1,0,9,2,3,5,C
435,460392,1,1,46,0,3,8,2,1,0,A
436,460394,0,0,32,1,5,9,2,3,5,D
437,460397,0,0,56,1,3,1,2,1,5,A
438,460399,1,0,28,1,8,12,2,1,5,D
439,460401,0,0,25,1,0,0,2,3,6,A
440,460404,1,1,42,1,0,6,2,7,5,A
441,460405,0,0,41,1,3,5,2,2,5,A
442,460406,1,1,36,1,5,3,2,2,5,D
443,460408,0,0,42,1,0,2,2,1,5,A
444,460409,0,0,42,1,0,8,2,4,5,C
445,460415,0,0,55,1,3,1,2,2,5,A
446,460422,1,1,52,1,3,1,1,3,5,C
447,460431,0,0,47,1,2,1,2,1,5,A
448,460434,1,2,57,1,0,2,1,3,5,C
449,460437,0,0,26,1,0,8,2,1,5,A
450,460440,0,0,28,0,0,5,2,2,5,A
451,460443,0,0,37,1,1,0,2,1,5,A
452,460447,1,2,89,0,7,0,2,1,2,A
453,460449,1,0,25,0,8,2,2,1,2,D
454,460450,1,1,50,1,4,1,1,4,3,B
455,460453,0,0,42,1,1,5,2,1,5,A
456,460454,1,0,48,1,0,3,2,1,5,B
457,460457,0,0,37,1,3,9,2,2,2,D
458,460459,0,0,30,0,2,1,2,5,2,D
459,460460,1,1,26,0,3,2,2,4,2,D
460,460467,0,1,47,1,0,3,0,2,5,C
461,460470,1,0,36,0,5,2,2,4,3,D
462,460476,1,1,53,0,1,1,0,4,2,B
463,460477,1,0,30,0,3,1,2,6,2,D
464,460484,0,0,20,0,5,4,2,7,2,D
465,460485,0,0,19,0,8,8,2,5,2,D
466,460489,1,0,19,0,5,9,2,6,2,D
467,460492,0,0,37,0,8,12,2,3,2,D
468,460495,1,0,20,0,5,0,2,6,2,D
469,460504,1,2,39,0,4,2,0,3,2,D
470,460505,0,0,26,1,2,1,2,3,2,D
471,460507,1,0,31,0,1,0,2,4,2,D
472,460508,1,1,31,1,5,2,1,3,2,D
473,460518,0,1,41,1,2,9,0,3,2,C
474,460522,0,1,32,0,6,3,0,2,3,D
475,460541,0,1,42,1,6,0,0,3,2,A
476,460542,0,1,89,0,7,1,2,2,2,D
477,460545,1,1,78,0,7,1,1,3,2,B
478,460546,0,1,65,1,7,1,2,2,2,D
479,460547,0,1,48,1,6,0,0,4,2,B
480,460549,1,0,36,1,0,8,2,2,2,B
481,460550,0,1,55,1,0,0,0,4,2,C
482,460551,1,1,52,1,2,0,0,2,2,C
483,460555,1,1,52,1,6,7,0,3,2,C
484,460556,0,1,41,1,9,1,2,1,2,D
485,460558,0,1,36,1,2,4,2,1,2,A
486,460561,0,0,37,0,2,7,2,1,2,A
487,460563,0,0,40,0,5,1,2,2,0,D
488,460566,1,1,38,1,6,3,0,2,2,A
489,460571,1,0,25,0,1,0,2,3,2,D
490,460572,0,0,33,1,2,1,2,4,2,D
491,460574,1,0,26,1,0,1,2,1,2,A
492,460582,0,0,28,0,3,0,2,1,2,D
493,460583,1,0,18,0,8,0,2,6,2,D
494,460585,1,0,52,0,3,0,2,3,2,D
495,460586,1,0,26,1,5,0,2,2,2,D
496,460588,1,0,18,0,5,0,2,4,2,D
497,460597,0,0,20,0,8,1,2,2,2,D
498,460598,0,1,36,1,1,0,0,3,2,B
499,460605,1,1,27,1,1,8,0,2,3,A
500,460606,1,0,21,0,5,3,2,5,6,D
501,460612,1,0,27,1,3,8,2,4,2,D
502,460615,0,0,28,1,5,3,2,3,2,D
503,460618,1,1,63,1,7,1,2,4,2,D
504,460619,1,0,48,1,3,2,2,3,2,A
505,460621,1,1,80,1,7,1,2,2,2,D
506,460622,0,1,71,1,7,7,1,3,2,C
507,460626,1,1,47,0,1,8,1,4,5,B
508,460627,0,0,22,0,9,1,2,4,2,D
509,460633,1,1,35,1,9,3,1,2,2,D
510,460634,0,0,40,0,3,2,2,6,2,D
511,460637,0,0,18,0,5,3,2,4,2,D
512,460638,0,0,26,1,0,0,2,4,2,C
513,460639,0,1,73,1,7,1,2,5,0,D
514,460640,1,1,86,2,7,1,2,1,2,A
515,460645,0,0,37,0,1,1,2,2,2,A
516,460646,1,1,59,1,3,2,2,2,2,A
517,460653,0,0,28,0,6,8,2,1,3,D
518,460656,0,1,29,1,0,9,2,3,5,C
519,460658,0,1,37,1,8,7,0,3,5,A
520,460659,0,1,46,1,8,3,0,3,5,B
521,460660,1,0,39,2,3,6,2,1,5,A
522,460661,0,0,33,0,6,8,2,1,5,D
523,460668,0,0,32,1,1,3,2,2,2,A
524,460678,0,0,32,0,1,6,2,2,2,D
525,460686,0,2,25,0,6,8,2,1,2,D
526,460687,0,1,48,1,6,9,0,2,2,A
527,460691,0,0,27,0,6,8,2,1,2,D
528,460702,0,0,49,1,0,1,2,1,5,B
529,460703,0,1,33,1,2,8,0,5,3,D
530,460706,0,0,33,0,2,7,2,6,3,D
531,460708,1,1,39,1,0,0,2,3,5,C
532,460716,1,1,50,1,3,0,0,4,5,C
533,460719,0,1,84,1,7,0,2,2,2,B
534,460720,0,1,46,1,0,0,0,2,5,C
535,460722,1,1,31,0,3,0,0,3,2,D
536,460726,1,1,57,1,0,3,0,2,5,C
537,460727,1,1,73,0,4,1,1,4,2,B
538,460729,1,1,36,1,3,9,2,4,5,D
539,460733,1,0,53,1,8,2,2,4,5,D
540,460734,1,1,41,1,3,9,0,3,1,A
541,460738,0,0,53,0,2,0,2,2,6,A
542,460740,1,1,35,1,0,2,0,3,5,C
543,460743,1,1,62,1,0,0,0,3,5,C
544,460746,1,0,23,0,8,0,2,3,5,D
545,460763,1,0,51,1,0,1,2,2,5,B
546,460769,0,1,83,0,7,1,1,2,5,B
547,460780,0,0,26,1,5,0,2,2,2,D
548,460783,1,1,86,1,7,1,2,1,5,A
549,460785,1,0,26,1,5,0,2,4,6,D
550,460789,1,1,42,1,4,0,2,3,5,D
551,460794,0,1,41,1,6,9,2,1,5,D
552,460796,1,1,67,0,7,0,2,3,5,D
553,460802,1,1,68,1,7,1,1,2,5,C
554,460811,0,1,45,0,2,0,1,2,5,A
555,460813,0,1,86,0,7,0,1,2,5,B
556,460815,1,1,62,1,0,0,1,2,2,B
557,460822,1,1,42,1,0,1,2,2,5,B
558,460825,1,0,26,1,1,0,2,3,3,D
559,460828,1,0,48,0,3,1,2,1,5,A
560,460830,1,1,40,0,3,3,0,5,1,D
561,460831,1,0,20,0,5,0,2,4,5,D
562,460837,0,0,25,1,0,1,2,1,4,A
563,460838,1,0,37,1,0,1,2,2,5,A
564,460840,1,1,77,1,7,1,2,1,5,D
565,460844,1,1,50,1,5,3,2,2,5,D
566,460846,0,0,22,0,8,0,2,4,5,D
567,460847,1,0,26,1,0,1,2,3,5,D
568,460851,1,1,71,0,1,0,0,3,5,B
569,460855,1,1,50,1,0,3,2,2,5,B
570,460857,1,0,29,0,3,1,2,1,3,D
571,460859,1,1,51,1,3,2,2,4,5,A
572,460860,1,1,52,1,0,6,0,4,5,C
573,460861,1,0,20,0,5,1,2,3,2,D
574,460866,1,0,26,1,1,0,2,9,3,D
575,460870,1,0,37,1,5,3,2,3,3,D
576,460871,0,0,33,1,5,4,2,3,5,D
577,460872,0,1,39,1,0,0,2,2,3,B
578,460877,0,1,53,0,0,1,0,5,5,C
579,460878,1,1,49,0,3,0,0,4,5,B
580,460882,1,0,21,0,5,0,2,2,2,D
581,460888,1,1,39,0,6,8,2,1,5,D
582,460891,0,1,38,0,0,2,0,4,2,B
583,460897,1,0,22,0,5,4,2,4,5,D
584,460898,1,1,52,0,0,2,0,4,5,C
585,460899,1,0,40,1,3,3,2,3,5,D
586,460901,1,0,20,0,1,8,2,3,5,D
587,460902,1,0,41,1,4,1,2,3,5,D
588,460905,1,0,30,1,0,1,2,1,2,A
589,460906,0,1,89,1,7,1,1,3,5,B
590,460907,1,1,83,0,7,1,1,3,5,B
591,460923,1,1,53,1,0,0,0,3,5,C
592,460924,1,0,31,0,1,1,2,5,1,D
593,460928,1,1,48,1,0,1,0,4,5,C
594,460934,0,0,29,0,1,0,2,2,5,D
595,460935,1,1,87,1,7,0,2,1,5,A
596,460945,1,0,19,0,2,4,2,7,5,D
597,460953,1,1,60,0,3,1,2,2,5,A
598,460961,1,0,23,0,5,1,2,2,2,D
599,460962,1,1,61,1,4,9,1,4,5,C
600,460963,0,0,27,1,0,1,2,3,5,A
601,460968,1,1,32,0,1,14,0,2,2,A
602,460975,1,1,79,2,7,0,1,2,5,C
603,460976,1,0,19,0,5,1,2,4,5,D
604,460977,1,1,42,1,4,0,1,3,3,A
605,460979,1,1,76,0,7,1,2,1,5,D
606,460981,0,1,41,0,8,1,0,2,5,D
607,460984,1,1,38,1,3,0,0,4,5,C
608,460988,1,1,43,1,3,0,0,3,3,C
609,460989,1,0,19,0,5,1,2,3,0,D
610,460991,0,0,28,1,5,1,2,3,6,D
611,460993,1,1,56,1,0,0,0,4,5,C
612,460999,1,0,28,1,2,0,2,3,2,D
613,461000,1,1,60,0,8,1,1,2,2,A
614,461001,0,0,55,1,0,0,2,2,2,B
615,461015,1,1,35,1,3,1,0,2,2,A
616,461016,1,0,25,0,5,5,2,5,2,D
617,461022,1,1,71,1,0,1,2,1,2,B
618,461023,1,1,65,0,7,1,1,2,2,B
619,461024,1,1,74,1,7,1,2,1,5,D
620,461028,0,0,20,0,5,5,2,4,3,D
621,461029,1,1,43,0,3,9,2,2,3,A
622,461034,0,0,20,0,8,3,2,6,2,D
623,461037,1,1,40,1,5,2,1,5,2,D
624,461038,0,1,46,1,2,0,1,5,2,B
625,461041,0,1,65,0,7,1,1,7,2,D
626,461042,1,0,21,0,5,0,2,4,3,D
627,461043,1,1,50,0,5,1,2,7,3,D
628,461044,1,0,18,0,5,0,2,5,3,D
629,461049,0,1,61,1,1,1,2,7,6,C
630,461050,1,1,49,1,9,1,1,3,5,C
631,461053,1,1,39,0,4,2,1,4,2,D
632,461059,0,1,52,0,7,1,1,2,5,D
633,461060,1,1,56,1,4,0,1,5,5,C
634,461065,1,1,55,1,4,1,2,6,2,A
635,461071,1,1,42,0,2,1,0,5,2,B
636,461078,0,0,33,0,6,0,2,6,2,D
637,461082,1,0,19,0,5,8,2,4,0,D
638,461085,0,0,27,0,2,1,2,1,2,A
639,461093,0,1,38,1,0,1,0,4,2,C
640,461099,0,0,38,0,0,1,2,4,2,D
641,461111,0,1,43,1,1,8,2,1,5,B
642,461114,1,1,53,1,0,1,0,4,2,C
643,461116,1,1,33,0,4,4,1,4,2,D
644,461118,0,0,30,1,5,7,2,3,2,D
645,461119,0,0,22,0,5,6,2,3,2,D
646,461121,1,0,33,0,1,0,2,4,2,D
647,461124,1,0,21,0,5,1,2,8,3,D
648,461127,1,0,20,0,5,1,2,5,3,D
649,461128,1,0,19,0,5,7,2,3,5,D
650,461129,0,1,58,1,3,1,0,4,5,C
651,461131,1,1,67,1,0,1,1,2,5,C
652,461145,0,1,36,1,3,1,2,2,2,A
653,461152,0,0,30,0,6,8,2,3,2,D
654,461154,1,0,23,0,6,1,2,4,2,D
655,461158,0,0,42,1,3,1,2,3,2,D
656,461162,0,0,37,0,8,8,2,3,2,D
657,461163,0,1,58,0,3,9,2,4,2,D
658,461168,0,1,26,0,2,7,0,2,2,D
659,461169,1,0,39,1,3,9,2,2,2,D
660,461174,0,0,23,0,8,3,2,4,2,D
661,461177,1,1,41,0,4,8,0,4,0,D
662,461178,1,1,26,0,3,0,2,3,2,D
663,461179,0,1,25,0,2,3,2,3,2,D
664,461181,1,0,19,0,5,3,2,4,2,D
665,461183,1,0,36,0,4,0,2,5,2,D
666,461187,1,0,29,0,5,9,2,4,2,D
667,461197,1,0,26,0,8,1,2,1,2,D
668,461198,0,0,78,1,7,2,2,1,5,D
669,461201,0,0,55,1,0,3,2,1,5,B
670,461205,1,0,26,1,5,3,2,3,1,D
671,461211,0,0,46,1,3,0,2,1,5,A
672,461214,1,0,29,0,5,0,2,4,5,D
673,461215,0,0,36,1,0,10,2,1,5,B
674,461218,1,1,27,0,4,1,2,6,5,D
675,461220,0,0,29,0,4,8,2,3,5,D
676,461221,0,0,25,0,8,1,2,4,5,D
677,461225,0,0,30,0,8,10,2,6,5,D
678,461226,1,1,45,1,9,1,2,2,5,D
679,461230,0,0,21,0,4,0,2,4,2,D
680,461232,0,1,41,1,4,3,1,3,2,A
681,461233,1,1,38,1,3,3,2,3,2,A
682,461236,0,0,28,1,5,9,2,1,5,D
683,461237,1,0,33,1,1,1,2,5,1,D
684,461241,1,1,31,1,5,7,2,2,5,D
685,461242,1,1,45,1,5,0,2,2,5,A
686,461243,1,1,47,1,8,0,2,5,5,D
687,461248,0,0,39,0,5,0,2,1,5,D
688,461251,0,0,47,1,8,1,2,3,5,D
689,461252,0,1,53,1,1,0,2,1,2,B
690,461256,1,0,27,0,1,1,2,4,3,D
691,461257,1,1,37,1,2,1,0,2,3,A
692,461258,0,1,62,1,0,1,0,3,3,C
693,461262,0,0,29,0,2,0,2,7,3,D
694,461263,0,1,51,1,0,0,2,1,3,B
695,461265,1,0,30,0,8,1,2,6,3,D
696,461269,1,0,18,0,3,0,2,4,3,D
697,461274,0,1,87,1,7,1,1,2,5,B
698,461276,1,1,68,1,8,0,2,2,6,D
699,461277,1,1,84,1,7,5,2,1,5,A
700,461281,1,0,22,0,5,2,2,9,1,D
701,461286,0,0,22,0,1,2,2,4,5,D
702,461289,1,0,21,0,5,1,2,3,5,D
703,461292,0,1,89,0,7,0,1,2,2,B
704,461297,1,1,73,0,7,0,1,2,5,B
705,461299,0,1,75,1,7,0,1,2,5,B
706,461303,0,0,20,0,1,6,2,4,1,D
707,461308,1,0,22,0,5,1,2,2,5,D
708,461309,0,0,22,0,5,0,2,4,5,D
709,461313,1,1,63,1,0,0,0,3,5,C
710,461314,1,1,46,1,0,1,0,3,5,C
711,461319,1,1,58,0,0,0,0,2,5,C
712,461320,0,0,41,1,0,1,2,3,5,C
713,461322,1,1,42,1,0,0,0,2,5,C
714,461323,0,1,43,1,5,6,0,2,5,C
715,461324,0,0,49,1,0,3,2,1,5,B
716,461326,0,0,40,1,0,0,2,1,5,A
717,461335,1,1,53,0,4,8,1,2,5,B
718,461340,1,1,36,1,0,4,0,2,6,C
719,461346,1,1,50,1,0,8,2,2,5,B
720,461348,1,1,42,1,5,1,2,1,5,A
721,461350,1,0,30,0,5,0,2,4,1,D
722,461352,1,0,29,0,5,2,2,5,1,D
723,461356,1,0,28,1,3,1,2,2,5,D
724,461357,1,0,27,1,5,1,2,4,5,D
725,461363,1,0,49,1,0,0,2,1,5,B
726,461366,1,0,32,1,5,1,2,1,5,D
727,461370,1,0,25,1,1,1,2,3,5,D
728,461377,0,1,63,1,0,2,2,1,5,B
729,461378,0,0,42,1,0,8,2,1,5,B
730,461379,1,0,31,1,5,1,2,3,4,D
731,461383,1,1,71,1,0,0,1,2,5,C
732,461388,1,0,20,0,5,3,2,5,1,D
733,461397,1,0,22,0,5,1,2,4,5,D
734,461402,0,0,29,1,3,1,2,5,5,D
735,461408,1,1,47,1,8,0,2,3,5,D
736,461421,1,1,43,1,0,3,0,3,5,C
737,461423,1,0,32,1,0,1,2,3,3,A
738,461426,1,1,47,1,0,7,0,2,5,C
739,461428,1,0,46,1,0,0,2,1,5,B
740,461432,0,1,41,1,0,1,0,2,5,C
741,461437,1,1,37,1,3,0,0,2,5,C
742,461439,1,1,40,1,0,0,0,2,5,C
743,461441,1,1,60,1,0,0,0,4,5,C
744,461442,1,1,46,1,0,0,0,6,1,C
745,461454,0,1,36,1,0,6,1,4,6,C
746,461456,0,0,38,0,8,0,2,1,5,D
747,461457,0,1,32,0,1,0,2,5,5,D
748,461458,0,0,41,1,0,5,2,1,5,B
749,461462,1,1,56,1,8,0,2,3,5,D
750,461465,1,1,31,1,0,8,0,2,5,C
751,461466,1,1,45,0,0,0,2,2,6,B
752,461468,1,1,69,1,3,1,0,3,5,C
753,461469,1,1,37,1,0,0,2,2,5,B
754,461476,1,1,47,1,0,1,0,4,1,C
755,461479,0,1,52,1,0,1,0,3,5,C
756,461480,0,1,57,1,0,1,1,3,5,C
757,461482,0,0,50,1,0,9,2,1,5,B
758,461494,1,1,27,0,2,0,0,2,5,D
759,461501,0,1,45,1,2,1,1,3,5,C
760,461503,0,0,30,1,0,8,2,2,5,A
761,461510,1,1,45,1,0,0,2,2,5,B
762,461514,1,0,30,0,5,1,2,4,5,D
763,461516,1,1,31,1,3,1,0,3,5,A
764,461518,0,1,45,1,0,1,0,4,2,C
765,461521,1,1,67,1,0,0,1,2,5,C
766,461522,1,1,76,0,4,1,1,2,5,B
767,461525,1,1,69,1,3,0,2,2,5,A
768,461526,1,1,83,0,3,0,2,2,5,D
769,461530,1,1,38,1,2,0,2,2,5,A
770,461534,1,1,36,1,0,0,2,1,5,B
771,461540,1,0,41,1,9,2,2,2,1,D
772,461546,0,1,69,0,7,0,2,3,5,D
773,461548,0,0,33,1,2,0,2,3,5,D
774,461553,1,0,38,1,0,1,2,3,6,A
775,461556,0,1,48,1,2,1,0,2,5,C
776,461558,1,1,51,1,2,2,0,2,5,C
777,461564,1,1,56,1,4,1,1,2,5,C
778,461570,1,1,57,1,0,0,0,3,5,C
779,461574,0,1,49,1,0,1,0,3,5,C
780,461587,1,0,30,1,5,0,2,3,5,D
781,461593,0,1,40,1,1,8,0,2,5,C
782,461602,0,0,30,1,0,0,2,3,5,A
783,461604,1,1,38,0,3,0,0,2,5,A
784,461612,0,0,31,1,5,8,2,5,5,D
785,461615,1,0,33,1,1,0,2,2,5,A
786,461617,1,0,50,1,0,0,2,2,5,B
787,461619,1,1,52,1,4,2,1,3,5,C
788,461624,0,1,39,1,0,0,0,4,1,C
789,461626,1,1,73,1,4,0,1,2,5,C
790,461630,1,1,46,1,0,0,0,3,5,C
791,461637,1,1,50,1,0,0,2,2,6,B
792,461644,1,0,30,0,5,0,2,6,5,D
793,461653,0,1,60,1,1,0,0,2,5,C
794,461655,0,1,39,1,6,9,0,2,5,A
795,461658,0,1,59,1,0,1,0,2,4,C
796,461659,0,1,51,1,0,0,0,2,5,C
797,461661,0,1,40,1,0,5,0,2,1,B
798,461663,1,0,23,0,5,1,2,3,5,D
799,461668,1,1,53,1,0,4,0,4,1,C
800,461671,1,0,32,0,5,7,2,5,5,D
801,461674,1,1,52,1,4,0,1,4,5,C
802,461676,0,0,31,1,2,0,2,1,5,A
803,461679,1,0,30,1,5,3,2,4,5,D
804,461681,1,0,25,1,5,8,2,3,6,D
805,461683,1,1,40,1,4,1,1,4,5,C
806,461685,0,0,27,1,5,4,2,4,5,D
807,461686,1,1,61,1,0,0,2,2,5,B
808,461690,0,0,33,1,2,1,2,1,3,A
809,461694,1,0,28,1,1,1,2,4,3,D
810,461695,0,1,48,1,0,2,0,2,5,C
811,461698,0,1,73,1,0,0,1,2,5,C
812,461701,1,1,36,0,0,0,0,2,4,A
813,461705,0,0,32,0,5,0,2,4,5,D
814,461708,1,1,82,0,7,0,1,2,5,B
815,461709,1,0,28,1,0,1,2,3,3,D
816,461711,0,0,42,1,0,8,2,3,1,B
817,461716,0,1,60,1,7,6,1,9,5,A
818,461720,0,0,46,1,0,1,2,1,3,B
819,461722,1,0,31,0,1,0,2,3,5,A
820,461724,0,1,50,1,0,1,2,1,6,B
821,461725,0,0,30,1,2,3,2,1,3,A
822,461727,0,0,49,1,0,1,2,3,5,C
823,461737,0,1,51,1,1,0,0,6,3,C
824,461738,0,1,46,1,9,3,0,3,5,A
825,461744,1,1,53,1,0,0,0,4,5,C
826,461747,1,1,65,1,0,0,1,2,5,C
827,461749,0,0,22,0,5,0,2,5,5,D
828,461752,1,1,65,1,1,1,0,3,5,C
829,461756,0,1,39,1,2,0,0,2,3,A
830,461760,1,1,84,1,0,0,1,2,5,C
831,461769,1,0,37,1,0,0,2,1,5,A
832,461771,1,1,28,1,1,8,0,2,5,A
833,461775,0,1,82,0,7,0,1,2,5,B
834,461778,0,1,87,1,7,0,1,2,5,B
835,461780,0,0,69,1,7,1,2,5,5,D
836,461782,0,1,51,1,0,2,1,5,5,C
837,461784,0,1,74,1,7,1,2,1,5,B
838,461788,0,1,79,1,7,1,1,2,5,B
839,461791,0,0,21,0,7,9,2,1,5,D
840,461792,0,0,20,0,5,5,2,5,1,D
841,461800,0,0,43,1,1,3,2,1,1,A
842,461801,0,0,25,0,5,1,2,3,5,D
843,461802,1,0,43,1,0,0,2,4,5,C
844,461804,0,0,42,1,0,1,2,1,5,A
845,461807,1,0,25,1,1,10,2,4,5,D
846,461815,1,1,59,1,0,0,2,1,2,B
847,461816,0,0,49,1,8,0,2,5,5,D
848,461821,0,0,32,0,1,1,2,4,5,D
849,461822,1,1,36,1,0,8,1,2,5,C
850,461824,1,1,45,1,8,9,2,3,5,D
851,461832,1,0,29,1,5,3,2,3,5,D
852,461837,1,1,37,1,0,0,2,2,5,B
853,461845,0,1,48,1,1,1,0,4,5,C
854,461846,0,0,65,1,0,0,2,2,1,B
855,461848,1,0,39,0,8,1,2,2,5,D
856,461858,1,0,25,0,3,1,2,7,3,D
857,461859,0,1,49,0,0,5,2,5,5,C
858,461860,0,1,77,1,7,1,1,2,5,B
859,461862,0,0,38,1,0,9,2,1,5,B
860,461864,1,0,19,1,8,0,2,6,3,D
861,461872,0,1,76,1,7,1,1,2,5,B
862,461873,1,0,28,1,1,0,2,4,5,D
863,461874,1,1,51,1,1,1,0,3,2,C
864,461882,0,0,28,1,1,0,2,5,6,D
865,461892,0,0,42,1,5,0,2,1,1,A
866,461896,1,1,45,1,0,1,2,1,5,B
867,461898,1,1,63,1,4,6,1,3,5,C
868,461899,0,0,18,0,1,0,2,6,5,D
869,461901,1,0,26,1,0,7,2,4,5,D
870,461910,1,1,31,1,0,3,0,2,1,A
871,461913,1,0,43,1,3,5,2,4,1,D
872,461914,0,1,60,1,0,7,2,1,5,B
873,461921,0,0,36,1,0,0,2,1,5,A
874,461927,1,0,32,0,5,1,2,4,1,D
875,461928,1,1,68,1,7,2,2,1,7,A
876,461929,1,1,60,1,3,1,2,1,5,A
877,461930,0,0,42,1,0,0,2,1,3,A
878,461931,0,0,18,0,5,6,2,5,7,D
879,461936,1,1,69,0,7,0,1,2,5,B
880,461937,0,0,42,1,1,0,2,2,5,A
881,461941,0,1,70,1,0,1,2,1,5,B
882,461943,1,0,25,1,5,1,2,3,5,D
883,461962,1,1,56,1,3,1,0,3,5,C
884,461963,0,0,40,1,0,9,2,1,5,B
885,461965,1,0,23,0,5,1,2,6,5,D
886,461967,0,0,20,0,8,3,2,4,6,D
887,461968,0,0,39,1,3,2,2,1,5,A
888,461978,0,0,19,0,5,0,2,4,5,D
889,461985,1,0,28,1,3,3,2,3,4,D
890,461988,1,1,40,0,2,1,0,2,5,B
891,461989,0,2,60,1,2,1,0,4,1,B
892,461993,1,0,33,0,5,3,2,4,5,D
893,461994,1,1,20,0,1,14,2,2,5,D
894,461996,0,0,35,0,0,7,2,4,5,D
895,461999,1,0,27,1,1,0,2,5,5,D
896,462007,0,1,42,1,0,1,0,2,5,C
897,462011,1,1,30,0,8,0,2,4,3,D
898,462013,0,1,56,1,4,0,0,2,5,C
899,462015,1,1,28,1,3,0,0,2,5,A
900,462016,0,1,38,1,0,6,0,2,5,C
901,462017,1,0,26,1,3,9,2,1,1,D
902,462027,1,0,36,0,2,0,2,1,5,A
903,462029,1,0,56,0,3,0,2,1,5,A
904,462033,1,0,26,1,3,0,2,1,5,D
905,462038,1,0,28,1,0,4,2,4,5,D
906,462043,1,0,32,0,5,0,2,5,5,D
907,462044,0,0,52,1,0,4,2,1,5,B
908,462048,0,0,23,0,5,0,2,4,5,D
909,462051,1,0,23,0,5,3,2,5,3,D
910,462052,1,1,50,1,0,0,2,2,5,B
911,462053,1,1,26,1,0,4,2,2,5,A
912,462058,1,1,40,1,3,8,2,2,5,A
913,462060,0,1,53,1,0,1,0,2,5,C
914,462064,1,1,63,1,0,0,0,3,6,C
915,462068,1,1,62,1,4,0,1,3,5,C
916,462075,0,0,38,1,0,1,2,1,5,A
917,462078,0,1,57,0,0,1,0,2,1,B
918,462080,0,0,43,1,0,9,2,1,5,B
919,462081,1,0,21,0,8,1,2,3,3,D
920,462083,1,0,22,0,5,0,2,5,5,D
921,462084,1,1,68,1,0,1,2,1,5,B
922,462085,0,0,28,1,5,0,2,1,5,D
923,462088,1,1,33,1,0,0,0,2,5,C
924,462090,0,0,38,1,0,8,2,1,5,B
925,462091,1,0,23,0,5,0,2,5,3,D
926,462094,0,0,41,1,5,4,2,1,5,D
927,462096,0,0,41,1,6,3,2,1,3,D
928,462102,0,0,39,1,1,4,2,1,5,A
929,462103,0,1,49,0,3,9,1,2,5,A
930,462108,0,1,33,1,6,4,0,2,5,A
931,462109,1,1,79,0,7,0,2,1,5,D
932,462111,1,1,38,1,0,6,0,4,5,C
933,462114,1,0,21,0,5,1,2,4,5,D
934,462116,0,1,68,1,1,0,0,2,5,C
935,462118,1,0,31,1,0,0,2,3,5,A
936,462120,1,1,46,0,0,1,2,3,2,A
937,462128,1,1,35,1,0,9,0,2,5,C
938,462131,0,0,42,1,0,8,2,3,1,B
939,462134,1,1,87,0,7,0,2,1,7,D
940,462141,0,0,38,1,0,8,2,1,5,B
941,462149,0,1,88,0,7,2,1,1,5,B
942,462151,0,0,42,1,0,9,2,1,5,B
943,462163,0,1,26,1,0,4,0,2,2,A
944,462168,1,1,35,1,4,0,1,3,5,B
945,462171,0,1,41,0,2,3,1,2,5,A
946,462172,1,1,37,1,1,1,0,2,0,A
947,462174,0,1,41,1,2,8,0,4,3,C
948,462177,1,0,35,2,0,6,2,5,1,C
949,462179,0,0,33,1,8,0,2,9,6,D
950,462180,0,1,61,1,2,2,0,4,1,B
951,462186,0,0,19,0,1,1,2,3,0,D
952,462187,0,0,50,1,0,4,2,1,5,B
953,462188,0,1,48,0,2,0,0,4,3,B
954,462196,1,1,57,0,8,1,0,3,3,B
955,462197,0,1,72,0,2,1,0,3,3,B
956,462198,0,0,39,0,2,4,2,3,2,D
957,462200,0,1,49,1,1,0,2,3,3,B
958,462202,0,0,41,1,3,0,2,4,3,D
959,462203,1,1,65,0,4,2,1,7,3,D
960,462204,0,0,22,0,8,0,2,3,3,D
961,462205,0,0,23,0,5,0,2,4,3,D
962,462209,0,1,41,0,0,0,2,1,3,A
963,462210,0,1,42,1,2,0,2,3,3,B
964,462211,1,0,18,0,5,0,2,3,3,D
965,462214,1,1,49,0,1,1,2,2,3,A
966,462216,0,1,40,0,1,0,2,2,3,A
967,462218,1,1,50,0,4,1,0,5,3,B
968,462220,0,0,19,0,5,6,2,3,3,D
969,462222,1,0,22,0,5,0,2,6,3,D
970,462229,1,0,23,0,9,1,2,8,3,D
971,462231,1,0,27,1,0,4,2,6,3,D
972,462232,1,1,55,0,4,0,1,8,3,D
973,462234,1,1,32,0,9,1,0,6,3,D
974,462238,1,1,57,0,3,2,2,2,2,A
975,462240,1,1,80,0,7,0,1,2,5,B
976,462243,1,1,43,0,4,0,2,4,5,D
977,462246,0,1,79,0,7,1,1,2,5,B
978,462249,1,0,25,0,3,1,2,3,5,D
979,462256,0,1,58,1,6,0,0,4,5,C
980,462257,0,1,78,1,7,2,1,2,5,B
981,462260,1,1,76,1,7,1,2,2,5,D
982,462262,1,0,27,0,5,1,2,3,7,D
983,462274,1,1,47,1,0,1,0,3,5,C
984,462275,1,1,43,1,0,1,0,2,5,C
985,462278,1,0,31,1,5,1,2,4,5,D
986,462279,1,0,27,0,5,0,2,7,5,D
987,462280,1,0,31,1,5,0,2,4,5,D
988,462281,1,1,46,1,0,1,2,2,5,B
989,462284,1,1,48,1,4,1,0,4,5,C
990,462285,1,1,51,1,1,3,2,2,7,B
991,462286,1,1,57,0,1,0,0,2,5,C
992,462290,0,0,30,1,1,0,2,1,5,A
993,462291,0,0,37,1,8,3,2,3,5,D
994,462297,0,0,31,1,0,14,2,2,5,A
995,462300,1,1,49,1,0,1,0,3,5,C
996,462304,1,1,56,1,0,1,2,4,3,B
997,462306,1,1,83,0,7,8,1,2,5,D
998,462309,1,0,32,1,5,4,2,1,5,D
999,462310,1,1,63,1,0,5,0,4,5,C
1000,462323,0,1,71,1,1,1,0,2,5,C
1001,462336,1,1,50,0,0,0,2,4,5,A
1002,462339,1,0,31,1,0,4,2,5,5,C
1003,462340,1,1,60,0,3,0,0,6,5,B
1004,462342,0,1,71,1,7,8,1,2,5,C
1005,462345,1,1,49,1,1,0,0,6,3,C
1006,462346,1,1,74,1,7,9,2,1,5,D
1007,462349,1,1,51,1,0,1,0,6,5,C
1008,462355,1,1,61,0,3,0,2,2,5,A
1009,462356,1,0,46,1,2,0,2,3,5,A
1010,462358,1,1,39,0,1,2,0,2,5,B
1011,462365,1,1,85,1,7,1,1,2,5,C
1012,462368,0,1,31,1,0,1,0,2,5,C
1013,462370,1,1,39,1,4,4,1,3,5,C
1014,462381,0,1,48,0,1,1,1,2,5,B
1015,462382,1,1,71,1,7,0,1,2,5,C
1016,462384,0,0,31,1,5,4,2,1,6,D
1017,462386,0,0,32,1,5,0,2,5,5,D
1018,462389,0,1,55,0,2,0,2,1,5,A
1019,462395,1,1,46,1,0,0,1,2,5,C
1020,462396,1,1,53,1,1,2,0,2,5,C
1021,462397,1,1,50,1,0,0,0,4,5,C
1022,462400,1,0,45,1,0,1,2,1,5,B
1023,462401,1,1,33,0,4,1,0,2,3,D
1024,462409,0,1,29,0,2,5,2,2,5,A
1025,462411,1,0,35,1,0,8,2,1,5,A
1026,462415,1,0,25,0,1,1,2,1,5,A
1027,462420,1,0,26,1,5,0,2,3,5,D
1028,462421,1,0,48,1,0,1,2,2,5,B
1029,462423,1,1,66,0,7,0,1,3,5,B
1030,462424,0,1,38,0,0,0,2,3,5,B
1031,462428,1,1,65,1,3,2,0,3,5,C
1032,462429,1,1,87,0,7,1,2,1,5,D
1033,462445,1,0,20,0,5,1,2,3,5,D
1034,462446,1,0,19,0,5,0,2,4,5,D
1035,462447,1,0,22,0,5,9,2,4,5,D
1036,462450,1,0,18,0,5,0,2,4,5,D
1037,462451,1,0,18,0,8,1,2,9,5,D
1038,462452,1,0,19,0,5,0,2,4,3,D
1039,462454,1,0,19,0,5,1,2,3,1,D
1040,462456,1,0,22,0,5,0,2,8,5,D
1041,462457,1,0,31,0,5,4,2,4,5,D
1042,462463,1,1,63,0,0,0,0,2,5,C
1043,462472,1,0,43,1,0,1,2,1,5,B
1044,462473,1,0,73,0,2,0,2,2,3,A
1045,462485,0,1,39,0,2,0,2,2,5,A
1046,462488,1,0,31,1,5,1,2,5,5,D
1047,462491,1,0,31,1,0,0,2,5,5,C
1048,462492,1,1,43,0,0,0,0,4,1,A
1049,462496,1,1,52,0,0,0,0,3,5,C
1050,462498,0,1,63,1,1,0,0,3,5,C
1051,462503,1,1,51,1,4,1,1,4,5,C
1052,462508,1,1,35,1,5,1,2,7,3,D
1053,462512,0,1,32,0,3,3,0,2,3,D
1054,462517,0,1,39,1,6,9,1,4,5,C
1055,462518,0,0,25,0,5,1,2,6,4,D
1056,462519,1,0,20,0,5,0,2,5,3,D
1057,462521,0,0,33,0,6,9,2,1,5,D
1058,462522,1,1,36,0,4,0,0,5,3,D
1059,462524,0,1,35,1,1,3,2,2,5,B
1060,462525,0,1,42,1,0,1,0,2,5,C
1061,462526,0,1,52,1,0,2,0,5,5,C
1062,462529,0,1,42,1,2,1,2,2,5,B
1063,462531,0,1,57,0,6,2,1,2,5,B
1064,462533,0,0,30,1,3,1,2,3,5,D
1065,462538,0,1,73,1,7,1,1,2,5,B
1066,462541,1,1,66,1,2,3,1,2,5,C
1067,462542,0,1,62,1,0,9,0,5,1,C
1068,462543,0,1,36,1,0,4,2,1,2,A
1069,462545,1,0,33,0,2,0,2,3,3,D
1070,462554,1,0,28,0,5,0,2,8,3,D
1071,462561,0,1,48,1,0,3,0,2,5,C
1072,462563,0,1,53,1,0,1,0,2,5,C
1073,462566,0,1,27,0,1,1,2,3,2,A
1074,462577,0,1,71,0,8,0,1,2,3,B
1075,462578,1,1,35,1,0,9,0,2,3,C
1076,462580,0,0,41,1,0,0,2,1,3,A
1077,462584,0,1,39,0,3,0,2,4,3,D
1078,462587,0,1,79,0,7,1,1,2,3,B
1079,462589,0,0,29,0,2,9,2,8,3,D
1080,462595,0,0,33,1,0,7,2,7,3,C
1081,462596,0,0,31,0,5,0,2,4,3,D
1082,462600,1,1,25,0,2,4,0,3,3,D
1083,462607,0,2,43,0,2,2,0,3,3,A
1084,462609,0,1,52,0,1,4,2,1,3,A
1085,462611,1,1,41,0,4,0,1,7,3,D
1086,462612,0,1,27,0,1,2,1,6,3,D
1087,462613,0,1,39,0,2,1,0,5,3,D
1088,462615,1,0,32,0,1,3,2,7,3,D
1089,462617,1,0,19,0,5,1,2,5,3,D
1090,462619,1,2,58,0,9,1,1,3,3,D
1091,462625,1,0,30,1,0,1,2,3,3,A
1092,462626,0,0,31,1,2,0,2,6,3,C
1093,462632,0,1,43,0,2,2,0,4,3,B
1094,462637,0,1,63,0,8,1,0,6,3,D
1095,462643,0,1,37,1,2,3,0,3,3,B
1096,462654,1,1,37,0,0,0,0,6,3,B
1097,462658,0,1,31,1,6,9,0,2,7,A
1098,462668,0,0,38,1,0,4,2,1,5,A
1099,462669,0,1,41,1,3,2,1,6,5,C
1100,462678,0,1,45,1,0,3,0,3,5,C
1101,462680,1,1,35,1,1,3,0,4,5,C
1102,462683,0,1,43,0,2,1,2,5,0,D
1103,462685,0,0,33,0,5,3,2,3,3,D
1104,462687,1,0,26,0,6,14,2,3,2,D
1105,462692,0,1,39,0,0,3,0,2,5,B
1106,462696,1,1,49,0,0,1,1,2,5,B
1107,462697,1,2,47,0,9,0,0,2,5,D
1108,462702,1,1,53,0,3,1,0,4,3,B
1109,462704,1,1,52,1,4,5,1,5,5,C
1110,462705,0,1,66,0,7,0,0,2,5,B
1111,462716,1,0,26,0,3,6,2,2,3,D
1112,462720,1,1,38,1,8,2,2,5,5,D
1113,462722,0,0,25,0,6,3,2,4,5,D
1114,462723,0,1,53,0,0,8,0,2,5,B
1115,462727,0,1,87,0,7,0,1,2,5,B
1116,462729,1,0,28,0,5,1,2,2,5,D
1117,462731,0,1,37,1,0,7,1,3,5,C
1118,462732,0,1,42,1,0,3,2,1,5,B
1119,462735,0,1,25,0,0,1,0,2,0,A
1120,462736,0,1,33,0,2,6,2,3,5,A
1121,462738,0,0,33,1,5,3,2,3,1,D
1122,462739,1,1,46,1,0,1,2,2,5,B
1123,462743,1,0,33,0,5,2,2,4,2,D
1124,462746,1,0,26,0,3,1,2,3,5,D
1125,462747,1,0,32,0,1,6,2,4,5,D
1126,462752,0,0,25,0,5,4,2,1,5,D
1127,462755,0,0,18,0,5,1,2,4,5,D
1128,462756,0,0,22,0,2,0,2,4,5,D
1129,462761,1,0,19,0,5,2,2,4,5,D
1130,462762,1,1,46,1,0,0,1,4,5,C
1131,462767,1,0,19,0,5,4,2,4,5,D
1132,462768,1,1,45,1,0,0,0,3,5,C
1133,462776,0,1,52,1,2,1,0,3,5,C
1134,462785,0,1,42,1,2,2,0,5,2,B
1135,462788,1,1,47,0,3,1,0,3,2,A
1136,462792,1,1,45,0,6,2,0,4,5,B
1137,462799,1,0,32,0,5,3,2,3,4,D
1138,462804,1,1,41,0,4,5,1,3,3,D
1139,462807,0,0,28,1,6,4,2,1,5,D
1140,462810,1,1,37,0,4,9,1,4,5,D
1141,462814,0,1,20,0,2,8,0,2,4,D
1142,462817,0,1,73,1,7,3,2,1,5,A
1143,462819,1,1,51,1,0,0,0,3,5,C
1144,462823,1,1,18,1,2,4,0,4,5,D
1145,462824,1,1,42,0,2,1,0,3,3,B
1146,462826,1,0,20,0,5,1,2,3,2,D
1147,462827,0,0,23,0,1,0,2,3,2,D
1148,462834,1,1,31,1,6,2,2,2,0,D
1149,462838,0,1,33,1,6,1,2,3,4,D
1150,462841,1,0,21,0,5,9,2,6,5,D
1151,462845,1,1,51,1,1,5,0,7,5,C
1152,462849,1,1,47,1,0,0,0,4,5,C
1153,462850,1,0,20,0,5,0,2,4,5,D
1154,462853,1,0,21,0,5,0,2,2,5,D
1155,462854,1,0,22,0,5,1,2,3,5,D
1156,462858,0,0,32,1,2,9,2,4,5,D
1157,462861,0,0,30,1,5,8,2,1,5,D
1158,462866,1,1,61,1,1,1,2,1,5,B
1159,462868,1,1,43,0,3,0,0,4,3,B
1160,462869,1,0,25,1,1,8,2,1,5,A
1161,462871,1,1,46,0,3,0,0,3,5,B
1162,462872,0,1,53,0,2,12,2,2,2,A
1163,462874,1,1,55,1,1,0,1,2,5,C
1164,462887,0,1,42,0,2,0,2,3,5,A
1165,462890,0,0,26,1,8,11,2,1,5,D
1166,462891,1,0,29,0,5,0,2,3,5,D
1167,462894,1,1,39,1,0,4,0,4,2,C
1168,462900,1,1,38,1,0,1,0,3,5,C
1169,462903,1,1,69,1,3,2,0,2,5,C
1170,462905,0,0,25,0,0,6,2,3,5,D
1171,462914,0,0,26,1,0,4,2,4,5,D
1172,462920,1,1,51,0,4,0,1,5,5,B
1173,462923,1,1,30,0,6,8,0,2,5,A
1174,462925,0,1,28,0,6,3,0,2,2,D
1175,462927,0,0,33,0,6,8,2,2,5,D
1176,462936,0,0,41,1,2,3,2,1,5,A
1177,462941,1,0,71,0,7,1,2,2,5,D
1178,462944,1,1,42,1,4,5,1,3,5,C
1179,462951,1,1,71,1,7,2,2,1,5,D
1180,462956,1,1,35,0,0,6,0,5,5,B
1181,462958,1,0,28,0,8,0,2,5,5,D
1182,462963,1,1,31,1,0,1,0,2,2,A
1183,462966,1,1,43,1,0,2,0,3,5,C
1184,462968,0,1,77,0,7,0,1,2,5,B
1185,462971,0,1,71,1,2,0,2,1,5,B
1186,462976,0,1,47,1,2,0,0,2,5,C
1187,462981,0,0,26,0,6,9,2,1,5,D
1188,462982,1,1,40,0,1,4,0,4,5,B
1189,462983,0,1,72,1,7,0,1,2,5,B
1190,462984,0,1,73,1,0,1,1,2,5,C
1191,462986,1,0,26,1,5,1,2,6,2,D
1192,462992,0,1,57,1,2,2,1,3,2,B
1193,462993,1,1,30,0,0,3,0,3,5,B
1194,462994,0,1,36,0,0,3,0,3,5,B
1195,462998,1,1,52,0,3,10,0,4,5,B
1196,463003,1,1,42,1,0,3,0,2,5,C
1197,463012,1,1,52,0,2,2,2,1,5,A
1198,463020,1,1,28,1,0,0,0,3,0,A
1199,463023,0,1,43,0,6,7,2,1,5,D
1200,463024,1,0,43,1,0,3,2,1,5,B
1201,463028,1,0,25,0,1,0,2,4,5,D
1202,463030,1,1,52,1,4,1,1,3,5,C
1203,463034,0,0,28,1,6,9,2,1,5,D
1204,463037,1,1,56,1,3,0,0,4,5,C
1205,463039,1,1,38,0,4,12,1,7,5,D
1206,463040,1,1,83,0,7,1,1,2,5,B
1207,463044,1,1,82,1,7,1,1,2,5,C
1208,463047,1,1,32,1,6,8,2,3,5,D
1209,463051,0,0,35,1,6,12,2,1,5,D
1210,463052,1,1,40,1,8,0,2,2,5,D
1211,463058,0,0,25,1,6,13,2,1,7,D
1212,463062,0,1,39,1,0,3,0,3,5,C
1213,463069,1,0,25,1,0,7,2,1,5,A
1214,463075,1,1,52,1,0,0,2,4,5,B
1215,463080,1,0,33,0,0,0,2,4,4,A
1216,463083,1,0,28,1,0,6,2,3,5,D
1217,463085,0,0,43,1,0,0,2,1,5,A
1218,463086,1,0,30,1,0,8,2,2,4,A
1219,463088,0,1,84,1,7,1,1,2,5,B
1220,463089,1,1,48,1,4,6,1,4,5,C
1221,463090,0,1,55,0,2,3,0,2,5,B
1222,463091,0,1,37,1,6,8,2,1,5,D
1223,463094,1,1,38,1,2,11,0,3,5,C
1224,463096,0,0,28,1,1,4,2,3,5,D
1225,463099,1,1,86,1,7,1,2,1,5,A
1226,463100,0,0,35,0,6,9,2,1,5,D
1227,463102,1,0,35,0,3,0,2,2,5,A
1228,463104,0,1,46,0,7,0,2,1,5,A
1229,463106,0,1,79,1,7,0,2,1,5,B
1230,463108,1,1,63,1,7,5,1,2,5,C
1231,463118,0,1,50,1,1,3,1,3,5,C
1232,463120,0,0,35,1,3,0,2,1,5,A
1233,463129,1,1,65,0,1,2,2,1,5,B
1234,463133,1,1,50,0,0,0,0,4,5,C
1235,463138,0,0,27,0,6,3,2,4,2,D
1236,463144,1,1,45,1,4,0,1,3,5,C
1237,463145,0,0,36,1,6,0,2,4,5,D
1238,463146,1,1,43,0,3,11,0,2,5,B
1239,463148,1,1,62,1,8,1,1,5,5,C
1240,463149,1,1,57,1,0,2,0,2,5,C
1241,463150,1,0,51,0,8,9,2,1,5,D
1242,463151,1,1,59,1,0,0,2,1,2,B
1243,463154,0,1,27,0,0,0,2,4,5,A
1244,463156,0,1,83,0,7,1,1,2,5,B
1245,463157,1,1,50,1,3,6,2,3,5,A
1246,463158,1,1,75,1,4,1,1,3,5,C
1247,463163,1,0,28,0,4,2,2,2,2,D
1248,463164,1,1,39,1,0,9,0,2,5,C
1249,463165,0,1,69,1,1,0,0,2,5,C
1250,463166,0,0,41,1,0,1,2,1,3,A
1251,463170,0,2,28,1,5,0,2,5,2,D
1252,463171,0,1,39,0,3,1,1,3,2,A
1253,463173,1,0,47,1,0,0,2,1,2,B
1254,463174,0,1,62,1,2,1,2,1,2,B
1255,463175,0,2,41,0,2,0,2,4,2,A
1256,463181,1,1,49,1,1,5,0,3,4,C
1257,463187,0,1,52,1,0,8,2,2,5,C
1258,463192,0,1,48,0,3,2,0,4,3,B
1259,463195,0,0,26,1,5,7,2,2,2,D
1260,463196,0,1,72,1,2,1,2,1,5,B
1261,463199,0,1,47,1,0,0,2,3,3,B
1262,463201,0,0,19,0,5,1,2,2,3,D
1263,463203,0,0,21,0,5,1,2,3,6,D
1264,463204,1,0,39,0,3,1,2,1,5,A
1265,463209,0,0,52,1,0,0,2,1,5,B
1266,463218,1,1,37,0,3,8,0,3,5,B
1267,463219,1,1,51,0,3,0,2,2,5,A
1268,463220,1,1,48,0,2,1,0,3,5,B
1269,463221,1,0,22,0,5,3,2,3,5,D
1270,463224,1,1,47,1,4,1,1,4,5,C
1271,463240,0,1,45,0,2,0,0,3,5,B
1272,463242,0,0,29,0,2,5,2,2,5,D
1273,463244,0,1,47,0,1,1,2,1,5,A
1274,463245,1,1,41,1,3,8,0,2,5,C
1275,463248,0,1,32,0,6,9,0,4,1,D
1276,463251,1,1,31,0,8,2,2,3,5,D
1277,463256,1,0,20,0,8,1,2,3,5,D
1278,463258,0,1,46,1,0,0,0,3,5,C
1279,463260,1,1,70,1,7,3,2,1,5,D
1280,463265,1,1,65,1,0,1,0,3,5,C
1281,463266,0,1,68,2,0,1,0,2,5,C
1282,463267,1,1,29,0,6,9,2,1,3,D
1283,463269,1,1,41,1,3,3,0,2,2,A
1284,463270,1,1,50,0,4,0,2,5,7,D
1285,463273,1,1,38,1,3,9,0,2,2,A
1286,463276,1,1,37,0,4,3,0,2,2,A
1287,463277,0,1,30,0,2,6,2,2,2,A
1288,463278,0,1,63,1,2,1,2,1,2,B
1289,463280,1,1,42,1,0,6,0,2,2,C
1290,463292,1,1,41,0,4,0,1,3,5,B
1291,463302,0,1,60,1,2,2,1,4,5,C
1292,463308,1,1,46,1,2,1,2,2,2,A
1293,463316,0,1,83,0,7,0,1,2,5,B
1294,463323,1,1,27,1,5,3,2,2,5,D
1295,463324,0,0,22,0,5,1,2,4,1,D
1296,463330,1,0,20,0,5,0,2,4,5,D
1297,463332,0,1,40,1,2,0,2,2,5,B
1298,463334,0,0,28,1,1,0,2,6,3,C
1299,463335,1,0,28,1,1,4,2,1,3,A
1300,463338,1,1,28,0,3,0,2,2,2,A
1301,463340,0,0,20,0,5,0,2,4,2,D
1302,463341,0,1,53,0,2,0,0,6,2,B
1303,463348,0,1,35,1,1,0,2,2,5,B
1304,463351,0,0,21,2,5,3,2,4,4,D
1305,463356,1,0,30,1,5,6,2,4,1,D
1306,463360,0,1,46,1,0,2,2,1,5,B
1307,463367,0,0,36,1,2,3,2,4,1,A
1308,463368,0,1,38,1,0,4,1,3,1,C
1309,463372,0,1,26,0,8,1,0,2,7,A
1310,463375,0,1,45,1,1,1,2,1,3,B
1311,463376,0,1,46,1,4,5,1,2,5,C
1312,463378,1,0,25,1,1,0,2,1,2,A
1313,463379,1,0,27,0,8,0,2,7,5,D
1314,463386,0,1,42,1,1,6,2,1,2,A
1315,463387,1,2,20,0,8,3,2,2,2,D
1316,463391,1,1,55,1,1,6,2,1,2,B
1317,463395,1,0,25,0,8,4,2,1,5,D
1318,463404,1,1,27,0,1,3,1,2,2,A
1319,463406,1,0,31,0,8,0,2,4,2,D
1320,463409,0,1,38,0,3,6,0,5,1,D
1321,463411,1,1,43,1,3,3,0,2,5,C
1322,463420,0,1,59,1,0,2,1,3,5,C
1323,463423,1,1,61,0,4,1,0,3,5,B
1324,463427,0,1,27,1,2,1,2,2,5,A
1325,463428,1,1,26,0,4,1,1,5,5,D
1326,463431,1,1,39,1,0,2,0,4,3,C
1327,463437,1,1,51,1,0,0,0,3,5,C
1328,463438,1,1,47,0,3,0,0,3,5,B
1329,463443,1,1,52,1,0,1,0,4,5,C
1330,463444,1,1,59,1,7,2,1,2,5,C
1331,463447,1,1,57,0,2,1,0,2,5,B
1332,463452,0,1,86,1,7,1,1,2,5,B
1333,463460,1,1,49,1,0,3,0,2,5,C
1334,463461,1,0,30,0,1,2,2,4,3,D
1335,463462,0,1,43,0,2,0,0,4,5,B
1336,463470,1,0,19,0,5,3,2,5,1,D
1337,463472,1,0,20,0,5,3,2,4,5,D
1338,463473,1,0,19,0,5,3,2,3,5,D
1339,463475,0,1,43,1,1,0,2,1,5,B
1340,463477,1,0,31,0,5,0,2,4,3,D
1341,463483,1,1,30,0,4,1,1,2,5,D
1342,463491,1,1,27,1,1,8,0,3,5,B
1343,463493,1,1,36,1,4,3,1,4,5,B
1344,463499,1,1,47,1,4,0,2,2,5,A
1345,463500,1,1,35,1,4,1,1,4,5,B
1346,463503,1,1,25,1,3,0,2,2,6,D
1347,463508,0,1,25,0,0,0,2,3,5,A
1348,463509,1,0,38,0,0,1,2,1,2,A
1349,463512,0,0,32,0,2,0,2,3,5,D
1350,463516,1,1,48,0,4,1,1,6,5,B
1351,463527,0,0,38,0,0,10,2,1,5,A
1352,463528,1,1,70,0,4,1,1,2,5,B
1353,463529,1,0,42,1,8,3,2,1,5,D
1354,463533,0,1,85,1,0,1,1,2,1,C
1355,463537,0,0,25,1,5,1,2,3,5,D
1356,463545,0,0,31,1,1,1,2,2,3,A
1357,463548,0,0,20,0,5,3,2,4,3,D
1358,463550,0,1,37,1,0,0,0,2,3,C
1359,463553,1,0,33,1,0,8,2,2,5,A
1360,463554,0,0,52,0,0,5,2,1,5,B
1361,463557,1,0,26,1,1,0,2,3,5,D
1362,463560,0,0,21,0,5,9,2,5,3,D
1363,463561,0,0,42,1,2,0,2,1,5,A
1364,463566,0,1,35,1,6,3,0,4,1,A
1365,463572,1,1,39,1,0,0,0,4,5,C
1366,463577,0,1,41,1,1,1,0,2,5,C
1367,463586,0,0,18,0,5,1,2,5,5,D
1368,463588,1,0,22,0,5,0,2,1,5,D
1369,463598,0,1,25,0,2,2,2,2,5,A
1370,463601,0,0,20,0,5,4,2,5,7,D
1371,463603,0,0,18,0,3,0,2,4,1,D
1372,463605,0,0,20,0,5,1,2,5,4,D
1373,463606,1,0,21,0,8,0,2,4,1,D
1374,463614,0,0,25,0,5,1,2,4,2,D
1375,463615,0,1,60,1,0,2,0,2,5,C
1376,463616,0,1,46,0,2,0,0,5,2,B
1377,463619,1,1,68,0,4,1,1,2,5,B
1378,463620,1,0,21,0,5,1,2,4,1,D
1379,463623,1,0,27,1,1,0,2,3,5,D
1380,463624,1,1,59,1,4,1,1,4,5,C
1381,463628,0,0,26,1,0,8,2,1,5,A
1382,463632,1,1,26,1,0,0,0,2,5,A
1383,463638,0,1,32,0,1,1,0,2,6,A
1384,463639,1,0,33,0,5,0,2,6,5,D
1385,463640,1,0,28,1,5,0,2,3,5,D
1386,463644,0,0,30,1,5,0,2,3,6,D
1387,463652,0,0,32,1,0,4,2,1,5,A
1388,463654,0,0,41,0,2,3,2,3,2,A
1389,463655,1,1,42,1,0,13,2,2,5,B
1390,463661,0,1,45,1,1,1,0,4,5,C
1391,463663,0,0,39,1,9,1,2,2,5,D
1392,463664,0,0,29,0,2,0,2,1,5,A
1393,463665,1,1,46,1,3,1,0,3,5,C
1394,463669,0,1,26,1,8,5,1,4,1,D
1395,463670,0,0,26,1,5,3,2,4,5,D
1396,463689,0,1,41,1,1,1,2,2,5,B
1397,463699,0,1,38,1,8,9,2,3,5,D
1398,463703,1,1,69,0,4,1,1,4,5,B
1399,463704,1,0,46,1,0,0,2,2,5,B
1400,463707,0,0,40,0,0,0,2,1,4,A
1401,463713,1,0,25,0,2,9,2,3,3,D
1402,463714,1,1,59,0,9,1,0,2,3,B
1403,463716,1,0,26,0,1,1,2,4,5,D
1404,463718,0,0,33,1,0,0,2,4,5,C
1405,463722,1,1,56,1,4,8,1,2,5,C
1406,463724,1,0,30,0,5,0,2,5,3,D
1407,463726,0,0,26,0,5,0,2,3,5,D
1408,463727,0,0,28,0,1,0,2,5,2,D
1409,463728,0,1,28,0,1,0,0,6,5,D
1410,463732,1,0,20,0,5,1,2,4,5,D
1411,463734,1,1,41,0,4,1,0,3,5,B
1412,463741,1,1,37,1,0,0,1,3,5,C
1413,463745,1,1,59,1,0,1,0,3,2,C
1414,463747,0,1,43,1,0,0,0,2,5,C
1415,463748,1,0,20,0,5,1,2,3,5,D
1416,463753,0,0,30,1,5,1,2,5,1,D
1417,463756,1,1,66,0,4,0,0,2,5,B
1418,463761,1,1,28,1,0,1,0,3,5,C
1419,463764,1,1,49,1,3,0,0,3,5,C
1420,463766,0,1,61,1,0,0,0,3,7,C
1421,463767,1,1,27,1,0,9,0,2,5,A
1422,463768,0,1,35,0,2,1,2,1,3,A
1423,463774,1,1,33,1,5,0,0,2,5,A
1424,463776,0,1,36,1,0,2,0,2,5,C
1425,463782,0,0,27,1,0,9,2,1,5,A
1426,463783,0,0,29,0,5,3,2,3,7,D
1427,463784,0,0,31,0,2,1,2,5,3,D
1428,463785,0,0,30,0,5,0,2,4,3,D
1429,463786,0,1,43,1,0,3,0,2,5,C
1430,463790,1,1,47,0,4,1,2,4,3,A
1431,463792,0,0,42,0,2,3,2,1,5,A
1432,463794,0,0,33,1,5,3,2,5,1,D
1433,463799,0,0,36,1,0,1,2,4,1,C
1434,463800,0,0,30,1,2,1,2,3,5,D
1435,463804,1,1,60,1,0,9,2,1,5,B
1436,463807,0,0,32,1,5,0,2,3,3,D
1437,463811,0,1,32,1,0,0,0,2,3,C
1438,463814,0,0,28,0,5,7,2,3,4,D
1439,463816,1,1,46,1,5,2,1,4,6,C
1440,463818,0,1,38,1,0,4,2,1,5,B
1441,463819,1,1,28,2,0,8,2,2,5,A
1442,463821,1,1,30,1,3,7,2,2,5,D
1443,463825,0,1,52,1,0,0,0,3,7,C
1444,463827,0,1,46,1,2,1,0,4,5,C
1445,463828,1,1,37,0,2,0,0,2,0,A
1446,463830,0,0,25,1,2,2,2,3,5,D
1447,463834,0,1,43,1,2,1,0,4,5,C
1448,463835,1,0,32,0,8,0,2,4,5,D
1449,463842,0,1,50,1,2,1,1,4,5,C
1450,463847,1,1,43,0,0,3,0,3,5,C
1451,463856,1,1,37,1,0,0,0,2,3,C
1452,463857,1,1,61,0,5,0,1,4,6,B
1453,463859,1,1,39,1,0,5,0,2,5,C
1454,463865,1,1,46,1,0,1,0,5,5,C
1455,463877,1,1,37,0,3,0,0,4,3,D
1456,463880,0,1,36,0,2,0,2,3,1,A
1457,463884,0,0,28,0,0,0,2,1,5,A
1458,463891,1,1,86,1,7,0,2,1,5,A
1459,463892,1,0,42,1,0,8,2,1,5,B
1460,463904,1,1,82,1,4,1,2,1,5,A
1461,463917,0,0,18,0,5,1,2,8,3,D
1462,463923,0,0,18,0,2,0,2,4,5,D
1463,463924,0,0,36,1,0,1,2,1,4,A
1464,463926,0,0,26,0,2,1,2,6,5,D
1465,463931,1,1,49,1,3,1,0,2,5,C
1466,463932,0,1,69,1,0,1,0,3,5,C
1467,463941,0,0,29,0,0,1,2,6,3,D
1468,463943,1,0,68,1,3,1,2,2,5,A
1469,463946,1,0,33,0,5,4,2,3,3,D
1470,463948,1,1,38,0,4,3,1,5,5,D
1471,463951,1,1,52,0,3,1,0,3,5,B
1472,463955,1,1,28,1,0,1,2,2,5,A
1473,463958,0,0,27,0,5,1,2,5,1,D
1474,463961,0,0,28,0,2,0,2,4,3,D
1475,463963,0,1,25,0,2,7,1,3,5,D
1476,463966,0,0,30,1,0,8,2,1,5,A
1477,463978,1,1,40,1,0,1,0,3,1,C
1478,463980,0,0,25,1,0,0,2,9,5,C
1479,463981,0,0,30,1,0,5,2,1,7,A
1480,463983,0,1,43,0,2,0,0,2,3,A
1481,463986,0,0,26,1,0,1,2,4,5,D
1482,463997,0,1,37,0,3,0,0,3,5,D
1483,464000,0,0,28,0,5,1,2,5,6,D
1484,464004,0,1,31,0,8,1,2,5,3,D
1485,464007,1,1,46,1,0,1,2,3,5,B
1486,464009,0,1,47,1,0,5,0,4,5,C
1487,464010,1,0,28,0,5,1,2,4,5,D
1488,464013,1,0,30,0,5,0,2,1,5,D
1489,464016,0,2,29,1,3,1,1,1,0,A
1490,464019,1,0,23,0,0,2,2,5,5,D
1491,464021,0,0,22,0,5,1,2,5,5,D
1492,464023,1,0,20,0,5,1,2,5,6,D
1493,464030,1,0,22,0,3,1,2,4,5,D
1494,464031,0,0,19,0,5,0,2,4,5,D
1495,464032,1,0,21,0,5,1,2,3,5,D
1496,464033,0,0,19,0,5,0,2,4,5,D
1497,464039,1,0,39,1,0,1,2,2,5,A
1498,464042,0,1,38,1,0,8,2,2,5,B
1499,464046,1,0,33,1,5,3,2,1,5,D
1500,464048,0,0,38,1,6,4,2,1,5,D
1501,464049,0,0,29,1,5,0,2,3,5,D
1502,464053,0,1,35,0,3,4,2,1,5,A
1503,464054,1,1,32,1,0,9,0,2,5,C
1504,464059,1,1,59,1,0,0,2,1,5,B
1505,464063,0,0,32,1,1,0,2,1,5,A
1506,464066,0,0,29,1,5,8,2,3,3,D
1507,464067,0,0,31,1,3,0,2,4,1,D
1508,464068,1,1,59,0,4,0,1,4,5,B
1509,464071,1,1,87,1,7,0,1,2,5,C
1510,464072,1,1,53,1,4,0,2,2,5,A
1511,464076,1,1,83,0,7,0,1,2,5,B
1512,464084,1,0,33,0,5,1,2,5,3,D
1513,464087,0,0,26,0,2,3,2,4,5,D
1514,464089,0,1,39,1,0,7,1,5,7,C
1515,464096,0,0,27,0,5,1,2,5,3,D
1516,464099,0,1,42,1,0,5,0,2,3,C
1517,464103,1,1,46,1,0,4,0,2,5,C
1518,464110,1,1,63,1,1,0,1,2,5,C
1519,464112,1,0,32,1,1,1,2,2,5,A
1520,464115,0,0,38,1,2,0,2,3,5,D
1521,464118,1,0,38,1,3,1,2,2,5,A
1522,464121,0,1,63,1,2,1,2,1,5,B
1523,464123,0,0,45,1,0,1,2,1,5,A
1524,464127,0,0,33,1,5,1,2,5,1,D
1525,464132,1,0,27,0,3,0,2,2,5,D
1526,464137,0,1,87,0,0,7,1,2,6,C
1527,464139,0,0,25,0,5,14,2,1,5,D
1528,464144,1,1,61,1,0,0,0,4,5,C
1529,464152,1,1,41,1,0,1,1,4,5,C
1530,464162,1,1,86,1,7,1,1,2,5,C
1531,464167,1,1,51,1,4,4,1,3,5,C
1532,464169,1,2,83,0,7,0,1,2,5,B
1533,464172,1,1,60,1,0,3,1,3,5,C
1534,464173,1,1,65,1,0,6,0,3,5,C
1535,464175,0,0,32,0,5,1,2,3,5,D
1536,464176,0,1,41,1,0,1,2,1,5,B
1537,464179,0,1,56,1,0,0,0,3,5,C
1538,464180,0,1,74,0,7,1,1,2,5,B
1539,464182,1,1,39,1,0,4,0,2,1,C
1540,464183,0,0,42,0,0,2,2,2,5,B
1541,464185,1,1,68,1,0,5,1,2,5,C
1542,464195,1,0,30,1,0,1,2,1,5,A
1543,464200,0,0,32,0,5,1,2,3,5,D
1544,464202,1,1,43,1,0,13,2,1,5,B
1545,464204,0,1,40,1,0,3,1,2,4,C
1546,464205,0,1,87,0,3,0,1,2,5,B
1547,464206,1,1,43,0,3,1,2,2,5,A
1548,464211,1,1,48,1,1,1,0,3,1,C
1549,464212,0,1,58,1,8,0,0,2,5,B
1550,464216,1,1,52,1,0,2,1,3,5,C
1551,464217,0,0,30,0,5,14,2,3,5,D
1552,464223,0,1,53,1,0,2,2,2,5,B
1553,464226,0,1,56,1,0,3,0,3,5,C
1554,464231,1,1,48,1,0,1,0,4,5,C
1555,464232,1,1,28,0,1,1,2,5,5,D
1556,464246,0,1,61,1,0,0,0,2,5,C
1557,464254,1,1,62,1,3,1,0,3,5,C
1558,464255,0,1,49,1,0,1,0,5,3,C
1559,464257,1,1,40,2,3,0,1,2,5,C
1560,464265,1,1,62,1,3,1,2,2,5,A
1561,464269,1,0,35,1,3,1,2,3,0,D
1562,464270,0,0,48,1,0,4,2,1,5,B
1563,464271,0,1,36,1,0,1,0,3,1,C
1564,464274,0,1,56,1,0,1,0,5,5,C
1565,464276,0,1,66,0,8,0,1,2,0,B
1566,464283,1,0,40,1,0,6,2,2,5,B
1567,464286,0,1,57,1,0,0,0,2,5,C
1568,464287,1,1,42,1,0,2,0,3,1,C
1569,464289,1,1,35,0,8,1,2,3,5,D
1570,464292,1,1,58,1,0,0,0,2,5,C
1571,464297,1,0,29,0,0,8,2,5,4,D
1572,464298,1,0,26,0,1,0,2,1,5,A
1573,464308,0,1,84,1,7,1,1,2,5,B
1574,464318,1,1,86,1,4,0,2,1,5,A
1575,464320,1,1,77,0,7,1,1,2,5,B
1576,464326,0,0,37,1,0,0,2,3,5,C
1577,464332,1,1,74,0,4,0,1,2,5,B
1578,464339,1,0,27,0,0,1,2,2,5,A
1579,464344,0,1,56,1,0,0,2,1,5,B
1580,464351,0,0,27,1,5,0,2,1,5,D
1581,464364,1,1,39,1,0,7,0,2,5,C
1582,464368,1,1,35,1,3,3,0,2,5,C
1583,464370,1,1,66,1,3,1,0,2,5,C
1584,464373,0,0,47,1,0,0,2,2,5,B
1585,464378,0,1,36,1,0,8,0,2,5,C
1586,464381,1,1,43,1,0,4,0,2,5,C
1587,464382,0,1,55,1,0,0,0,4,5,C
1588,464386,1,1,41,1,1,0,0,3,5,C
1589,464387,0,0,26,1,0,9,2,5,5,D
1590,464389,1,1,72,1,0,0,1,2,1,B
1591,464392,1,1,59,2,0,0,0,2,5,C
1592,464396,1,1,38,1,3,1,0,3,5,C
1593,464412,1,1,72,0,7,1,2,2,5,D
1594,464424,1,0,31,1,5,1,2,4,5,D
1595,464425,1,0,41,1,0,9,2,1,5,A
1596,464432,1,0,25,0,2,9,2,2,2,D
1597,464433,1,0,29,1,0,3,2,3,1,A
1598,464436,1,1,83,1,7,0,1,2,3,B
1599,464437,0,1,51,1,2,0,0,4,5,C
1600,464441,1,1,40,1,0,0,2,2,1,A
1601,464451,0,1,76,1,0,0,0,2,5,C
1602,464456,1,1,29,1,0,1,2,4,5,A
1603,464468,1,1,46,1,0,1,2,3,5,B
1604,464473,0,1,58,1,0,0,0,4,5,C
1605,464474,0,0,46,1,0,1,2,1,5,A
1606,464478,0,1,74,0,7,0,1,2,5,B
1607,464481,1,1,53,1,4,1,1,3,5,C
1608,464482,1,1,63,1,0,1,2,1,5,B
1609,464483,0,1,49,1,0,1,0,3,5,C
1610,464485,1,0,25,1,3,5,2,2,2,D
1611,464487,1,0,46,0,2,1,2,3,3,A
1612,464488,0,0,43,1,0,7,2,9,5,A
1613,464494,0,1,58,1,0,1,0,4,2,C
1614,464499,1,1,41,1,4,1,1,4,5,C
1615,464501,0,0,28,0,5,1,2,3,5,D
1616,464504,1,0,26,1,5,0,2,4,5,D
1617,464506,1,0,29,1,5,9,2,2,3,D
1618,464517,1,0,33,1,5,0,2,3,4,D
1619,464522,0,0,39,1,2,14,2,1,5,A
1620,464526,1,1,51,1,3,0,0,4,5,C
1621,464528,1,1,46,1,3,4,1,4,1,B
1622,464533,1,1,38,0,4,2,1,6,5,D
1623,464536,1,1,26,1,0,1,0,3,5,C
1624,464540,0,1,42,1,2,1,0,4,3,B
1625,464544,0,1,43,1,3,5,0,3,5,C
1626,464549,1,1,53,1,4,1,2,4,5,A
1627,464550,1,1,46,1,0,2,2,4,5,B
1628,464552,0,1,40,1,0,1,0,3,3,C
1629,464553,1,1,71,1,0,1,2,2,5,B
1630,464555,1,1,32,1,8,13,1,4,3,D
1631,464560,1,0,41,1,3,9,2,2,5,A
1632,464561,0,0,46,1,3,8,2,2,5,A
1633,464566,1,1,40,1,4,0,1,4,5,B
1634,464569,1,0,29,0,1,1,2,5,5,D
1635,464570,1,1,25,1,1,1,0,2,5,A
1636,464572,0,1,52,1,8,0,2,1,5,D
1637,464576,1,0,30,1,1,9,2,5,5,D
1638,464577,0,1,25,1,5,12,1,2,5,D
1639,464580,1,0,32,0,0,9,2,4,5,D
1640,464581,0,0,33,0,1,3,2,4,5,D
1641,464586,0,0,49,1,0,1,2,1,2,B
1642,464593,0,0,43,1,1,1,2,4,1,B
1643,464594,1,1,48,1,0,1,2,1,1,B
1644,464597,1,0,41,0,0,5,2,2,5,A
1645,464601,0,0,29,1,5,9,2,2,5,D
1646,464603,0,0,35,1,0,0,2,2,2,A
1647,464606,1,1,41,1,0,1,0,2,5,C
1648,464607,0,1,47,1,0,1,0,4,1,C
1649,464608,0,1,53,1,0,1,0,3,5,C
1650,464618,1,2,40,1,0,5,2,1,5,B
1651,464620,0,1,40,1,0,0,1,2,5,C
1652,464621,1,1,46,1,0,0,2,1,5,B
1653,464637,0,0,36,1,8,3,2,4,3,D
1654,464641,0,1,71,1,7,2,2,6,0,D
1655,464652,0,1,30,0,2,5,0,2,3,A
1656,464654,0,1,40,0,2,1,0,4,3,A
1657,464664,1,1,43,0,3,0,0,5,3,B
1658,464666,1,1,40,1,3,3,0,3,3,B
1659,464670,1,1,39,0,3,1,0,4,3,B
1660,464673,1,1,49,0,4,1,1,7,1,D
1661,464674,1,1,51,0,0,0,0,5,3,B
1662,464675,0,1,39,0,1,1,0,9,3,D
1663,464677,1,1,23,0,5,1,2,5,3,D
1664,464683,1,1,53,0,2,0,0,6,3,B
1665,464684,0,0,35,0,2,9,2,5,3,D
1666,464685,1,0,35,0,4,2,2,4,3,D
1667,464688,1,1,30,1,1,1,2,9,3,D
1668,464690,1,1,39,0,2,2,0,4,3,B
1669,464691,1,0,38,1,0,1,2,3,3,A
1670,464692,0,0,53,0,8,0,2,1,2,D
1671,464693,0,0,36,1,2,8,2,1,3,A
1672,464695,1,0,33,0,2,0,2,4,3,D
1673,464696,0,0,40,1,2,1,2,1,3,A
1674,464697,0,1,36,1,0,0,0,4,3,C
1675,464699,1,0,31,0,1,1,2,5,3,D
1676,464701,1,0,31,0,1,1,2,2,3,A
1677,464704,1,1,41,1,5,0,0,4,3,B
1678,464707,1,1,48,0,9,0,0,4,3,D
1679,464711,0,1,38,1,0,5,0,3,0,C
1680,464712,1,1,49,0,0,1,2,5,3,A
1681,464722,1,1,42,1,1,1,2,3,3,A
1682,464726,1,1,28,1,4,14,1,9,3,D
1683,464728,1,1,51,0,3,0,1,4,3,B
1684,464732,1,1,41,0,0,1,0,2,3,B
1685,464737,0,1,57,0,2,0,0,6,3,B
1686,464739,1,1,67,1,0,0,2,1,3,B
1687,464746,1,1,29,0,4,3,0,5,3,D
1688,464752,0,1,46,2,8,3,2,1,3,A
1689,464755,1,1,49,1,0,0,1,2,5,C
1690,464756,0,0,28,0,2,6,2,3,3,D
1691,464758,0,1,48,0,2,1,0,4,3,B
1692,464760,0,1,51,0,2,5,0,4,3,B
1693,464765,0,1,48,0,2,5,0,6,3,B
1694,464766,0,1,48,0,2,5,0,5,3,B
1695,464769,0,2,52,0,2,9,0,4,3,B
1696,464772,0,1,39,0,2,8,0,4,3,A
1697,464774,0,1,50,0,2,7,0,5,3,B
1698,464780,0,0,33,0,2,1,2,9,3,A
1699,464790,0,0,35,1,0,3,2,1,3,A
1700,464792,1,1,30,0,8,2,1,5,3,D
1701,464794,0,1,46,0,2,8,0,3,3,B
1702,464799,1,0,36,0,8,0,2,4,3,D
1703,464802,1,0,43,0,3,0,2,1,3,A
1704,464804,1,1,26,0,3,1,2,1,3,A
1705,464806,1,1,33,0,4,0,2,2,3,A
1706,464809,1,1,50,2,3,2,0,5,3,C
1707,464812,0,1,49,1,2,1,1,5,3,C
1708,464813,1,1,48,1,2,6,0,5,5,C
1709,464817,1,0,31,1,0,5,2,1,3,A
1710,464818,0,1,38,0,2,3,0,2,3,A
1711,464825,0,0,21,0,5,5,2,1,3,D
1712,464827,0,1,50,0,3,8,0,5,3,B
1713,464828,1,0,23,0,5,9,2,6,3,D
1714,464831,0,1,21,0,5,0,2,2,3,D
1715,464832,1,1,71,0,7,1,2,3,3,D
1716,464835,1,0,20,0,5,0,2,6,3,D
1717,464836,0,2,32,0,2,7,1,5,3,D
1718,464845,1,1,29,0,2,0,0,3,3,D
1719,464849,1,1,42,1,0,0,0,4,3,C
1720,464851,1,0,20,0,1,0,2,6,3,D
1721,464852,1,1,36,0,4,1,2,6,3,D
1722,464854,0,1,42,0,2,0,1,6,3,D
1723,464857,1,0,18,0,5,7,2,4,3,D
1724,464861,1,0,25,0,6,3,2,2,3,D
1725,464864,0,0,30,0,2,10,2,8,3,D
1726,464865,0,0,28,0,6,9,2,9,3,D
1727,464868,1,1,42,1,3,7,2,6,3,D
1728,464872,1,1,38,1,0,1,2,4,3,A
1729,464873,1,1,42,1,0,1,0,2,3,C
1730,464876,0,1,52,0,2,1,0,5,3,B
1731,464879,0,1,29,1,1,0,0,2,3,A
1732,464884,1,1,40,1,0,1,2,2,3,B
1733,464885,0,0,38,0,2,1,2,2,3,A
1734,464886,1,1,37,1,2,1,0,4,3,B
1735,464902,0,1,65,0,7,1,2,1,3,A
1736,464905,1,2,81,0,4,1,1,2,3,B
1737,464907,1,2,59,1,2,0,0,2,3,C
1738,464910,0,1,47,1,0,1,0,5,3,C
1739,464911,1,1,57,1,0,0,0,3,3,C
1740,464915,1,1,39,1,4,2,1,4,3,B
1741,464916,0,2,32,2,1,8,1,2,3,A
1742,464919,1,1,37,1,0,9,2,1,3,A
1743,464920,1,0,39,1,0,4,2,1,3,B
1744,464921,1,1,39,0,1,1,0,5,3,B
1745,464925,1,2,60,0,4,7,0,2,3,A
1746,464927,0,1,70,1,0,1,0,2,3,C
1747,464932,1,1,51,1,4,9,2,1,3,A
1748,464938,1,1,48,0,0,1,2,3,3,A
1749,464939,1,0,43,0,3,0,2,1,3,A
1750,464940,0,1,29,0,2,1,2,2,3,A
1751,464944,0,1,43,1,3,0,2,2,3,B
1752,464947,1,0,25,0,1,5,2,1,3,D
1753,464957,0,1,75,0,7,0,2,1,3,B
1754,464960,0,0,22,0,5,0,2,5,3,D
1755,464961,1,1,86,0,8,1,2,1,3,D
1756,464963,0,1,50,1,3,1,2,2,3,B
1757,464972,1,1,73,0,7,1,1,9,3,D
1758,464973,1,0,87,2,7,1,2,2,3,A
1759,464981,1,1,49,1,0,0,0,4,5,C
1760,464987,1,1,46,1,4,1,1,5,5,C
1761,464990,1,1,73,0,4,0,1,2,5,B
1762,464991,0,1,87,1,7,1,1,2,5,B
1763,464995,1,1,53,0,4,2,1,4,3,B
1764,465001,1,1,84,1,7,1,1,2,5,C
1765,465005,1,1,47,1,4,3,1,3,5,C
1766,465012,1,1,59,0,4,1,1,4,5,B
1767,465014,1,1,82,0,7,1,2,1,5,D
1768,465022,0,1,71,1,7,0,1,2,5,B
1769,465023,1,1,39,1,0,9,0,2,1,A
1770,465026,0,0,25,0,1,0,2,2,5,A
1771,465032,1,1,67,1,4,1,1,2,5,C
1772,465035,0,1,83,1,7,13,1,2,5,C
1773,465038,1,1,49,0,4,0,1,4,5,B
1774,465039,0,1,87,0,7,0,1,2,5,B
1775,465040,1,1,69,0,7,1,0,2,5,B
1776,465045,1,1,40,1,3,9,0,2,5,C
1777,465056,1,1,87,1,7,1,1,2,5,C
1778,465069,1,1,68,1,5,0,0,3,5,C
1779,465075,0,1,43,1,0,3,0,2,5,C
1780,465076,1,1,67,1,0,0,1,5,5,C
1781,465079,1,1,80,1,7,1,2,1,5,A
1782,465082,1,1,65,1,7,1,2,1,2,A
1783,465087,1,0,29,1,1,0,2,4,5,D
1784,465091,1,1,60,1,3,2,0,3,5,C
1785,465092,1,1,72,1,4,1,1,2,5,C
1786,465093,1,1,57,1,1,0,2,1,5,B
1787,465095,1,1,47,1,4,1,1,4,5,C
1788,465099,1,1,39,0,3,1,0,2,5,B
1789,465100,1,1,62,1,0,0,1,2,5,C
1790,465101,0,1,81,1,7,1,2,1,5,B
1791,465105,1,1,65,0,4,8,0,2,5,C
1792,465109,1,0,47,0,7,2,2,2,5,D
1793,465111,0,1,40,1,0,8,0,2,5,C
1794,465112,0,1,86,0,7,0,1,2,5,B
1795,465113,1,1,67,1,7,0,1,2,3,B
1796,465119,0,1,45,1,0,0,0,5,5,C
1797,465120,0,0,27,1,5,1,2,4,5,D
1798,465121,0,0,32,1,0,7,2,1,2,A
1799,465122,0,1,41,1,0,3,0,2,5,C
1800,465124,0,1,27,1,5,6,0,2,5,A
1801,465128,0,1,58,0,0,0,0,3,5,C
1802,465134,0,1,61,1,3,1,0,5,5,C
1803,465136,1,1,52,1,0,0,0,2,5,C
1804,465144,1,0,25,1,1,8,2,1,5,A
1805,465147,1,0,33,1,5,2,2,3,5,D
1806,465148,1,0,31,0,0,0,2,3,7,A
1807,465150,1,0,37,1,3,1,2,1,5,A
1808,465153,1,1,38,1,0,1,0,2,5,C
1809,465155,1,1,81,1,7,0,2,1,5,A
1810,465160,1,1,61,1,4,0,1,3,5,C
1811,465164,1,0,20,0,5,0,2,3,5,D
1812,465171,0,1,48,1,0,8,1,4,5,C
1813,465172,0,1,43,1,0,8,0,2,5,C
1814,465175,0,0,22,0,6,0,2,4,5,D
1815,465176,0,1,63,1,0,1,0,4,5,C
1816,465181,0,0,25,1,5,8,2,1,3,D
1817,465182,0,0,73,1,7,1,2,1,5,D
1818,465186,0,1,43,0,0,4,0,4,0,A
1819,465187,0,1,39,0,1,1,0,4,3,A
1820,465188,0,1,49,1,0,0,0,4,5,C
1821,465189,0,1,83,1,7,1,1,2,5,B
1822,465194,1,0,22,0,5,9,2,6,1,D
1823,465196,0,0,31,1,0,2,2,2,3,A
1824,465197,0,1,60,1,0,1,1,4,5,C
1825,465201,1,1,42,1,3,1,0,4,2,B
1826,465202,1,0,25,0,3,7,2,4,5,D
1827,465203,1,0,29,1,5,3,2,3,5,D
1828,465204,1,1,29,1,5,1,2,2,5,D
1829,465213,1,1,39,1,3,2,0,2,5,C
1830,465214,1,1,33,0,2,14,2,1,5,A
1831,465216,1,1,35,1,4,9,1,4,5,C
1832,465226,1,1,38,0,3,2,2,3,5,A
1833,465228,1,1,59,1,0,1,1,2,5,C
1834,465231,1,1,67,0,0,1,0,2,5,C
1835,465236,1,1,45,1,0,1,2,1,5,B
1836,465237,1,1,70,1,7,2,1,2,5,C
1837,465242,1,0,19,0,5,5,2,4,2,D
1838,465249,0,0,23,0,5,0,2,4,5,D
1839,465254,1,0,22,0,5,1,2,4,6,D
1840,465261,0,0,23,1,5,1,2,4,0,D
1841,465264,1,1,80,0,4,0,2,1,5,A
1842,465267,1,1,40,0,2,14,0,5,3,A
1843,465274,1,0,36,1,0,0,2,1,3,A
1844,465285,0,1,31,0,2,8,2,4,5,D
1845,465288,0,1,20,0,2,1,2,2,3,A
1846,465289,1,1,31,1,4,1,1,2,5,A
1847,465290,1,1,50,1,4,0,1,5,5,C
1848,465294,1,1,67,0,7,0,2,2,5,D
1849,465295,0,2,43,1,1,9,0,1,5,C
1850,465296,0,1,85,1,7,5,1,3,5,C
1851,465303,0,1,65,1,0,1,0,3,1,C
1852,465306,1,1,71,0,4,1,0,4,1,B
1853,465310,0,0,20,0,5,1,2,6,3,D
1854,465319,1,0,20,0,5,0,2,5,5,D
1855,465326,1,1,87,1,0,1,2,1,5,B
1856,465333,0,1,37,1,0,4,2,2,6,C
1857,465335,1,1,59,0,3,1,0,2,6,C
1858,465340,0,0,29,1,0,3,2,4,1,A
1859,465342,1,1,85,1,4,0,1,2,5,C
1860,465344,0,1,72,1,7,1,1,2,5,B
1861,465345,0,0,42,1,0,0,2,2,5,A
1862,465351,0,1,45,1,0,9,0,2,5,C
1863,465352,1,1,59,1,3,1,0,4,5,C
1864,465354,1,0,19,0,1,0,2,5,1,D
1865,465357,0,1,47,1,0,0,0,3,5,C
1866,465358,0,1,73,1,0,0,1,2,5,C
1867,465359,0,1,42,0,0,1,2,1,5,B
1868,465364,0,0,37,1,1,7,2,5,1,A
1869,465366,0,0,38,1,0,8,2,1,5,A
1870,465371,0,0,41,1,0,1,2,1,5,A
1871,465372,0,0,40,1,3,0,2,1,5,A
1872,465383,0,1,30,1,3,0,2,4,5,D
1873,465384,1,1,56,1,0,0,1,2,5,C
1874,465391,0,1,65,1,7,1,1,2,5,B
1875,465393,1,1,35,1,0,5,0,2,5,C
1876,465395,0,1,37,0,2,0,0,5,3,A
1877,465399,1,0,36,1,3,0,2,1,3,A
1878,465405,0,2,26,1,6,1,1,4,1,D
1879,465408,1,0,25,0,4,3,2,4,5,D
1880,465410,1,0,30,0,5,0,2,4,4,D
1881,465417,1,1,37,1,3,3,0,2,3,A
1882,465419,1,0,30,0,0,0,2,3,5,A
1883,465423,1,1,46,1,3,1,0,4,6,C
1884,465428,0,0,38,1,2,1,2,1,3,A
1885,465433,0,0,40,1,0,3,2,1,1,B
1886,465435,0,0,31,1,0,5,2,1,5,A
1887,465437,1,1,45,1,4,4,1,5,5,C
1888,465440,1,1,55,0,2,1,2,5,5,A
1889,465441,0,1,51,1,2,2,2,1,3,B
1890,465445,0,0,29,1,6,5,2,7,5,D
1891,465458,0,1,74,1,0,1,1,2,5,C
1892,465461,1,1,69,0,3,1,0,3,5,C
1893,465463,0,0,28,0,1,2,2,5,1,D
1894,465464,1,1,41,1,4,0,0,4,3,B
1895,465467,1,2,29,0,5,1,2,3,5,D
1896,465471,1,1,39,1,0,0,2,1,5,B
1897,465472,0,1,74,0,3,1,1,3,5,B
1898,465473,0,0,59,1,0,4,2,1,5,B
1899,465477,1,0,27,0,5,1,2,3,1,D
1900,465479,1,0,33,0,0,0,2,1,3,A
1901,465482,1,0,31,0,3,9,2,2,1,D
1902,465483,1,1,46,0,0,0,0,3,5,C
1903,465484,0,1,63,1,0,0,2,2,5,B
1904,465488,1,0,22,0,5,1,2,4,5,D
1905,465489,0,0,53,1,2,1,2,5,5,C
1906,465492,1,1,59,0,3,1,2,1,1,A
1907,465496,1,1,84,1,7,1,2,2,1,A
1908,465505,1,1,63,1,0,1,0,4,5,C
1909,465507,1,1,35,1,0,8,2,1,5,B
1910,465508,1,0,21,0,5,1,2,4,5,D
1911,465510,1,1,67,0,7,0,1,2,5,B
1912,465518,0,1,41,1,0,1,0,3,3,C
1913,465520,0,0,27,1,0,0,2,8,1,C
1914,465521,0,1,53,1,0,1,0,2,6,C
1915,465522,0,0,33,1,5,4,2,8,4,D
1916,465529,0,0,32,0,1,0,2,4,5,D
1917,465538,1,1,59,0,9,5,1,2,5,D
1918,465539,0,1,50,1,0,1,1,5,5,C
1919,465541,0,1,50,1,0,1,0,4,6,C
1920,465543,0,1,41,1,5,1,0,2,2,A
1921,465547,0,1,71,2,7,1,2,1,5,C
1922,465550,0,0,33,1,5,1,2,6,2,D
1923,465551,0,1,46,1,0,3,0,2,2,C
1924,465554,0,0,78,1,7,1,2,3,5,C
1925,465555,0,1,69,0,7,1,1,2,3,B
1926,465558,0,0,40,1,5,8,2,1,6,D
1927,465568,1,1,43,1,4,2,1,3,5,C
1928,465569,1,1,36,1,0,0,1,3,5,C
1929,465571,1,1,35,1,3,1,0,2,1,A
1930,465577,1,0,30,0,5,0,2,4,2,D
1931,465584,1,1,47,0,3,3,0,2,5,B
1932,465586,1,1,69,0,0,0,2,1,5,B
1933,465587,1,1,41,1,3,2,2,5,2,A
1934,465594,1,1,33,0,4,4,2,6,2,D
1935,465598,1,0,27,1,5,6,2,5,1,D
1936,465600,1,1,38,1,2,6,2,2,2,A
1937,465601,1,1,35,1,0,2,0,4,2,C
1938,465602,1,1,27,1,0,10,2,2,2,A
1939,465603,0,1,51,1,6,9,2,2,2,A
1940,465605,0,1,52,1,2,4,2,1,2,B
1941,465611,1,0,53,1,1,0,2,1,5,B
1942,465612,1,1,43,1,0,8,0,2,5,C
1943,465616,1,1,42,1,1,8,2,2,5,A
1944,465621,1,0,36,1,1,9,2,1,5,A
1945,465625,1,0,36,1,0,14,2,2,5,A
1946,465627,0,0,40,1,5,1,2,1,5,D
1947,465629,1,1,47,1,3,2,0,3,5,C
1948,465635,1,0,30,0,1,1,2,2,3,A
1949,465638,0,1,53,1,0,2,2,2,2,B
1950,465640,1,1,45,1,0,5,0,2,5,C
1951,465644,1,0,33,1,5,0,2,5,5,D
1952,465645,0,0,40,1,0,8,2,2,5,C
1953,465649,0,1,36,1,8,5,2,1,5,D
1954,465651,1,0,32,0,2,0,2,4,5,D
1955,465653,0,1,51,1,0,0,2,2,5,B
1956,465655,0,0,49,1,0,0,2,1,5,B
1957,465656,1,1,81,0,7,1,2,2,5,D
1958,465658,1,1,72,1,0,1,0,4,5,C
1959,465663,0,0,70,1,0,0,2,2,5,B
1960,465667,1,0,21,0,5,0,2,3,1,D
1961,465668,1,0,21,0,5,1,2,5,3,D
1962,465669,0,1,41,0,3,4,0,4,3,A
1963,465670,0,0,49,0,2,12,2,1,3,A
1964,465675,0,0,51,0,3,0,2,1,3,A
1965,465680,1,1,28,0,5,0,0,5,3,D
1966,465685,1,0,37,1,5,5,2,2,2,D
1967,465688,0,1,63,2,0,1,0,3,2,C
1968,465689,1,0,19,0,5,8,2,4,2,D
1969,465695,0,0,32,0,5,3,2,3,3,D
1970,465697,0,1,51,0,0,6,2,1,5,B
1971,465703,1,1,26,0,3,3,2,2,3,A
1972,465704,1,1,61,0,0,0,2,1,5,B
1973,465705,0,1,51,1,0,0,0,4,5,C
1974,465706,0,1,45,1,0,0,0,3,5,C
1975,465721,1,1,29,1,3,1,1,2,2,A
1976,465722,1,1,47,0,9,0,2,5,2,D
1977,465725,1,0,25,1,1,1,2,2,2,A
1978,465727,1,0,40,0,8,0,2,5,3,D
1979,465728,1,0,45,1,9,1,2,1,3,D
1980,465733,1,1,32,1,3,1,0,2,3,A
1981,465734,1,1,38,1,0,0,2,3,0,A
1982,465736,0,0,38,1,0,8,2,2,2,A
1983,465737,0,1,48,1,2,7,2,3,2,A
1984,465740,0,0,71,1,1,0,2,1,5,B
1985,465742,0,1,46,1,0,3,2,3,5,C
1986,465751,0,1,46,1,0,9,2,2,5,C
1987,465753,0,1,49,1,0,7,2,2,5,C
1988,465766,1,1,43,0,3,0,2,3,3,A
1989,465768,0,0,38,1,0,6,2,4,3,A
1990,465769,1,0,25,1,5,8,2,4,5,D
1991,465772,0,1,46,1,2,0,2,4,0,B
1992,465775,0,0,28,1,2,9,2,3,5,D
1993,465776,0,0,41,1,3,5,2,4,5,D
1994,465777,0,0,32,1,0,9,2,5,5,D
1995,465784,0,0,21,0,5,0,2,4,2,D
1996,465788,1,0,22,0,5,1,2,6,3,D
1997,465793,1,0,27,0,5,0,2,5,3,D
1998,465797,1,1,40,1,0,0,0,2,1,C
1999,465804,0,1,68,0,2,0,2,1,3,B
2000,465809,0,0,25,0,6,1,2,7,3,D
2001,465811,1,0,28,0,5,1,2,4,3,D
2002,465813,1,0,28,0,8,2,2,8,3,D
2003,465818,1,0,27,0,3,1,2,3,3,D
2004,465823,1,1,67,0,3,5,0,4,3,B
2005,465826,1,1,46,0,4,4,2,9,3,D
2006,465828,0,0,33,0,3,8,2,4,3,D
2007,465829,0,1,40,1,1,6,0,3,3,C
2008,465830,0,1,48,0,9,5,0,7,3,D
2009,465831,1,1,42,0,4,0,1,5,3,D
2010,465837,1,0,56,1,9,1,2,1,5,D
2011,465841,0,0,51,1,2,3,2,1,5,A
2012,465848,0,0,27,1,5,0,2,1,6,D
2013,465849,0,0,25,1,1,7,2,3,3,D
2014,465851,0,1,51,0,0,9,1,2,3,A
2015,465853,0,1,26,1,5,4,0,2,5,A
2016,465857,0,0,35,1,1,0,2,1,5,A
2017,465860,0,2,25,1,1,1,2,3,5,A
2018,465863,1,0,30,0,5,6,2,3,5,D
2019,465865,0,0,41,1,5,9,2,1,5,D
2020,465866,1,1,42,1,0,6,2,3,5,B
2021,465867,0,1,40,1,0,8,1,5,5,C
2022,465873,1,0,36,1,3,13,2,1,5,A
2023,465875,0,0,39,1,0,9,2,1,5,A
2024,465884,1,1,40,1,4,7,1,3,5,C
2025,465893,0,1,40,1,2,1,0,2,5,C
2026,465894,1,0,28,1,0,9,2,6,5,D
2027,465907,0,0,31,1,8,8,2,3,0,D
2028,465916,1,0,41,1,0,4,2,1,5,A
2029,465923,0,0,28,1,2,9,2,5,5,D
2030,465925,1,0,30,1,5,1,2,1,5,D
2031,465927,0,0,30,1,5,1,2,1,5,D
2032,465930,0,0,38,1,0,9,2,2,5,C
2033,465931,1,1,43,1,0,7,2,1,6,B
2034,465935,1,0,29,1,3,9,2,1,5,D
2035,465937,0,0,30,1,5,9,2,3,5,D
2036,465941,1,1,27,1,5,0,2,2,5,D
2037,465948,0,1,48,1,0,0,0,2,5,C
2038,465953,0,0,51,1,0,1,2,1,5,B
2039,465957,0,0,48,1,8,0,2,1,5,D
2040,465960,0,0,28,1,8,9,2,1,5,D
2041,465961,0,0,40,1,0,3,2,1,5,A
2042,465963,1,1,51,1,0,1,2,2,5,B
2043,465965,0,1,36,0,8,8,2,2,5,D
2044,465972,0,0,51,1,8,9,2,1,5,D
2045,465974,1,1,45,1,4,5,1,4,3,B
2046,465975,1,0,40,1,0,8,2,1,5,A
2047,465976,1,0,40,1,0,0,2,1,6,A
2048,465979,1,1,41,1,0,2,2,2,5,B
2049,465982,1,1,43,1,3,0,0,4,5,C
2050,465983,1,2,21,0,5,1,2,3,5,D
2051,465996,1,0,23,0,5,1,2,4,5,D
2052,465997,0,0,31,0,1,0,2,3,5,A
2053,466001,0,1,42,1,3,6,2,2,5,A
2054,466007,1,1,61,0,0,0,2,1,6,B
2055,466017,0,1,45,1,6,0,2,1,2,A
2056,466019,0,1,63,1,0,5,2,1,2,B
2057,466020,1,1,86,0,7,0,2,1,5,D
2058,466022,0,1,67,0,2,1,1,3,6,B
2059,466023,1,1,71,0,4,1,1,3,6,C
2060,466024,0,1,43,0,3,14,2,2,2,D
2061,466032,1,2,28,0,3,3,2,2,5,A
2062,466042,1,1,47,0,3,0,2,2,5,A
2063,466043,0,1,53,1,0,0,0,4,5,C
2064,466046,0,1,36,0,3,1,0,2,3,A
2065,466058,1,1,35,0,3,1,2,3,3,A
2066,466069,0,1,48,1,0,1,1,4,7,C
2067,466071,0,1,60,1,0,3,2,3,3,B
2068,466078,0,1,45,0,4,3,2,1,5,A
2069,466079,0,1,42,0,2,0,2,2,5,A
2070,466082,0,1,89,1,7,1,2,1,5,B
2071,466083,0,0,23,0,8,4,2,2,2,D
2072,466084,1,1,46,1,6,11,2,1,2,D
2073,466085,1,0,22,0,9,8,2,4,3,D
2074,466088,0,0,30,0,5,0,2,7,5,D
2075,466090,1,1,58,1,3,0,2,2,5,B
2076,466092,1,1,73,1,0,0,0,4,5,C
2077,466099,0,1,71,1,7,0,2,1,5,B
2078,466103,0,1,35,0,2,0,2,5,5,D
2079,466109,1,1,52,1,3,1,0,4,5,C
2080,466111,1,1,84,1,7,0,2,2,5,A
2081,466114,1,1,47,1,3,1,0,5,5,C
2082,466115,1,1,39,0,4,0,2,2,5,A
2083,466118,0,1,40,0,2,0,2,3,3,A
2084,466124,0,0,46,1,0,1,2,1,5,A
2085,466128,1,0,40,1,0,3,2,2,5,A
2086,466130,0,0,27,0,0,1,2,6,5,D
2087,466132,0,0,23,0,5,4,2,4,6,D
2088,466136,0,0,21,1,0,1,2,2,5,A
2089,466138,1,1,70,0,7,2,1,2,5,B
2090,466140,1,1,28,1,3,1,2,2,5,A
2091,466141,0,1,58,1,6,1,2,4,5,B
2092,466142,0,1,27,1,3,0,0,2,5,A
2093,466143,0,1,49,0,2,0,0,5,7,C
2094,466146,0,1,37,0,2,8,0,3,5,A
2095,466148,1,1,39,0,3,1,0,4,5,B
2096,466149,0,0,28,0,1,2,2,4,5,D
2097,466153,1,1,73,0,3,0,0,2,5,C
2098,466154,0,1,51,1,0,1,0,5,2,C
2099,466156,0,1,48,1,1,8,0,3,1,C
2100,466157,1,1,72,1,6,9,2,1,7,A
2101,466161,1,1,47,0,0,1,0,3,5,C
2102,466162,0,1,67,1,1,0,2,1,3,B
2103,466166,1,1,77,1,7,0,1,2,3,B
2104,466172,1,1,46,1,0,3,0,3,5,C
2105,466178,0,1,52,1,0,1,0,4,5,C
2106,466180,1,1,67,0,7,1,2,1,5,D
2107,466185,1,1,62,1,1,0,0,4,5,C
2108,466200,1,1,45,1,1,8,0,3,3,C
2109,466201,1,1,40,1,1,1,0,5,3,C
2110,466206,0,1,60,1,0,4,0,2,2,C
2111,466207,0,1,37,1,1,8,0,4,1,C
2112,466208,1,1,69,0,4,2,1,1,5,B
2113,466210,0,1,58,1,0,1,1,4,5,C
2114,466211,1,1,52,1,0,1,2,2,5,B
2115,466213,1,0,20,0,5,2,2,5,5,D
2116,466218,0,2,23,0,5,6,2,4,1,D
2117,466223,1,1,66,1,0,0,2,1,3,B
2118,466225,1,0,19,0,5,1,2,3,1,D
2119,466226,0,1,53,1,0,0,0,5,5,C
2120,466233,0,1,59,1,6,6,2,1,5,A
2121,466235,0,1,61,1,0,0,0,4,3,C
2122,466236,0,1,68,1,2,1,2,2,3,B
2123,466238,1,0,20,0,5,1,2,3,3,D
2124,466246,1,0,20,0,5,1,2,4,1,D
2125,466247,0,2,49,1,0,0,2,4,1,C
2126,466253,1,0,19,0,5,1,2,3,1,D
2127,466257,0,0,27,0,5,1,2,4,5,D
2128,466264,1,1,32,1,9,1,2,2,2,D
2129,466268,0,1,67,1,0,0,0,3,3,C
2130,466271,1,0,27,0,3,1,2,3,1,D
2131,466274,1,1,72,1,4,0,2,2,5,A
2132,466276,0,0,32,0,1,1,2,5,3,D
2133,466278,0,0,28,0,9,0,2,2,2,D
2134,466282,1,1,29,1,5,8,2,3,5,D
2135,466285,0,0,19,0,5,1,2,5,1,D
2136,466286,0,1,52,1,0,1,0,5,1,C
2137,466287,0,1,47,1,1,1,0,2,1,C
2138,466289,1,0,19,0,5,3,2,5,1,D
2139,466290,0,0,18,0,5,5,2,4,3,D
2140,466292,0,1,79,0,7,1,1,2,5,B
2141,466297,0,0,19,0,5,1,2,4,3,D
2142,466300,0,1,48,1,0,0,2,3,1,B
2143,466301,1,1,52,1,0,1,0,3,1,C
2144,466306,1,0,23,0,5,1,2,4,5,D
2145,466313,0,1,58,1,0,1,2,1,3,B
2146,466315,0,1,69,1,2,1,2,1,5,B
2147,466317,1,1,37,1,3,4,2,1,5,A
2148,466318,0,0,30,0,5,0,2,3,5,D
2149,466319,0,2,25,0,5,0,2,4,5,D
2150,466320,0,0,39,1,2,8,2,2,3,A
2151,466321,1,1,43,1,3,3,2,2,3,A
2152,466324,0,0,32,0,2,0,2,1,3,A
2153,466326,1,0,23,0,5,0,2,5,2,D
2154,466335,0,0,30,0,5,1,2,3,3,D
2155,466337,0,1,41,0,2,1,2,2,3,A
2156,466341,1,1,49,1,0,1,0,2,4,C
2157,466347,1,1,66,0,4,6,2,3,3,A
2158,466352,0,1,67,1,1,1,2,2,5,B
2159,466355,1,0,30,1,5,0,2,2,5,D
2160,466367,0,0,39,1,1,6,2,1,1,A
2161,466370,0,2,52,1,0,0,2,4,1,C
2162,466372,0,1,57,1,0,0,0,5,5,C
2163,466373,1,1,63,1,4,1,1,1,5,C
2164,466376,0,1,52,0,6,4,1,3,5,B
2165,466377,1,1,61,1,9,8,0,2,5,C
2166,466380,1,1,35,1,3,7,2,2,5,A
2167,466381,1,1,52,1,0,4,0,2,5,C
2168,466382,0,1,45,1,2,2,1,2,3,B
2169,466387,1,1,37,1,3,8,0,2,5,C
2170,466389,0,1,45,1,2,1,0,2,5,C
2171,466391,0,1,55,1,2,0,0,3,5,C
2172,466392,0,1,49,1,2,4,0,3,2,B
2173,466393,0,1,42,0,3,1,2,6,2,D
2174,466395,0,1,39,1,1,3,1,2,3,B
2175,466397,1,0,18,0,5,0,2,3,2,D
2176,466400,1,1,43,0,0,1,0,3,2,A
2177,466401,1,1,50,0,4,1,0,4,5,B
2178,466402,1,1,37,1,0,1,0,4,5,C
2179,466404,0,0,37,1,2,1,2,1,5,A
2180,466406,1,1,63,1,3,0,2,3,5,A
2181,466408,1,1,83,1,7,1,2,2,2,A
2182,466411,1,1,55,1,0,1,0,3,2,C
2183,466414,1,1,71,1,0,1,2,3,5,B
2184,466418,1,1,87,0,7,1,2,1,3,D
2185,466419,0,1,49,1,3,2,0,5,2,B
2186,466422,1,1,27,0,1,0,2,4,3,A
2187,466427,0,1,25,0,8,1,2,4,3,D
2188,466429,1,1,42,0,5,0,2,2,2,A
2189,466443,0,1,66,1,0,4,2,2,5,C
2190,466450,0,0,32,1,5,1,2,1,5,D
2191,466455,0,1,32,1,1,4,2,2,5,A
2192,466456,0,1,37,0,1,8,2,1,1,A
2193,466457,0,1,62,2,7,9,2,5,5,C
2194,466463,0,0,33,1,5,3,2,4,3,D
2195,466464,0,1,45,1,6,2,0,2,2,A
2196,466466,0,2,18,0,5,5,2,5,2,D
2197,466467,0,1,37,1,0,0,0,3,2,C
2198,466468,1,0,30,1,1,4,2,4,2,D
2199,466474,1,0,31,1,3,5,2,3,5,D
2200,466478,0,1,48,1,0,0,0,4,2,C
2201,466483,1,0,31,1,5,3,2,1,2,D
2202,466486,0,1,36,1,1,8,2,2,3,A
2203,466488,1,1,61,1,3,0,0,6,5,C
2204,466490,0,1,83,0,7,0,1,2,5,B
2205,466493,1,1,77,0,7,1,1,2,5,B
2206,466500,0,1,46,1,0,3,1,3,3,C
2207,466501,1,1,48,1,2,0,0,3,2,C
2208,466502,1,0,19,0,5,0,2,5,2,D
2209,466516,1,0,21,0,5,1,2,3,5,D
2210,466517,0,0,40,0,2,3,2,1,5,A
2211,466526,1,0,27,0,5,0,2,5,1,D
2212,466527,0,1,49,0,8,0,2,1,4,A
2213,466530,1,0,19,0,5,1,2,4,7,D
2214,466533,0,0,53,1,3,1,2,1,5,A
2215,466535,1,0,29,1,0,8,2,1,5,A
2216,466536,1,0,23,0,5,3,2,4,3,D
2217,466538,1,1,84,1,7,1,1,2,5,C
2218,466541,1,0,38,1,3,0,2,4,5,D
2219,466543,1,0,26,1,1,11,2,2,6,A
2220,466545,0,0,19,0,5,1,2,4,1,D
2221,466550,0,2,22,0,5,1,2,4,5,D
2222,466552,1,1,20,0,3,0,2,2,5,A
2223,466553,1,1,36,1,5,0,2,3,5,D
2224,466556,1,0,18,0,5,1,2,3,5,D
2225,466562,0,0,20,0,5,7,2,4,5,D
2226,466564,0,0,18,0,8,1,2,4,5,D
2227,466565,1,1,32,0,0,7,0,2,5,B
2228,466576,0,0,18,0,5,0,2,4,5,D
2229,466586,1,0,18,0,5,0,2,2,5,D
2230,466588,0,0,21,0,5,8,2,4,5,D
2231,466596,0,1,75,1,0,1,1,2,5,C
2232,466603,1,1,37,1,2,0,0,2,5,C
2233,466606,0,1,35,1,2,1,2,3,2,A
2234,466613,1,0,20,0,5,9,2,3,5,D
2235,466623,1,1,58,2,3,2,0,4,2,C
2236,466628,1,0,33,0,5,8,2,4,7,D
2237,466631,1,1,58,1,0,0,2,3,5,B
2238,466634,1,0,20,0,5,1,2,5,5,D
2239,466635,1,1,50,1,0,4,0,2,5,C
2240,466644,0,0,51,1,6,0,2,2,5,D
2241,466650,0,0,27,0,5,8,2,3,3,D
2242,466652,0,1,58,1,1,1,0,2,5,C
2243,466655,1,1,62,0,4,1,2,2,5,A
2244,466656,1,1,79,1,8,0,1,2,5,B
2245,466658,0,0,19,0,5,1,2,4,5,D
2246,466662,0,0,33,0,2,0,2,3,3,A
2247,466665,1,1,36,1,0,1,0,2,5,C
2248,466666,0,1,29,1,5,1,2,2,5,D
2249,466671,0,2,28,0,5,3,2,3,1,D
2250,466686,0,0,22,0,5,0,2,4,5,D
2251,466687,1,0,21,0,5,1,2,3,5,D
2252,466688,1,0,22,0,5,0,2,3,3,D
2253,466689,1,0,28,1,0,9,2,3,5,D
2254,466696,0,1,48,1,0,3,0,4,5,C
2255,466704,1,1,48,1,1,3,0,2,5,C
2256,466705,1,1,66,0,7,0,2,3,5,D
2257,466707,0,1,47,1,6,1,2,4,5,B
2258,466713,0,1,68,1,0,1,1,4,5,C
2259,466718,1,1,73,2,4,0,1,2,5,C
2260,466720,0,1,59,0,7,0,2,1,1,A
2261,466721,1,1,38,1,1,7,0,2,5,C
2262,466725,0,1,76,0,7,1,1,2,5,B
2263,466731,0,1,40,1,2,3,2,2,3,B
2264,466732,0,1,49,1,2,0,1,2,3,B
2265,466733,0,0,33,0,6,0,2,4,3,D
2266,466735,1,0,18,0,5,1,2,4,5,D
2267,466746,0,1,69,1,7,0,1,2,5,B
2268,466749,1,0,22,2,5,1,2,5,2,D
2269,466750,0,0,18,2,5,0,2,3,2,D
2270,466751,0,0,20,2,5,1,2,4,5,D
2271,466752,1,1,36,1,5,1,2,1,5,D
2272,466753,0,1,67,1,0,0,0,2,2,C
2273,466754,0,1,37,1,0,1,0,3,5,C
2274,466759,0,0,26,0,5,2,2,3,5,D
2275,466760,1,1,51,1,1,1,0,4,5,C
2276,466765,0,1,67,1,7,1,2,2,5,B
2277,466769,0,0,29,1,3,1,2,4,5,D
2278,466775,0,1,76,1,7,0,2,2,5,B
2279,466776,1,1,86,1,7,0,2,1,5,A
2280,466777,0,1,51,1,6,9,0,2,5,C
2281,466778,1,1,35,1,3,1,2,2,2,A
2282,466788,1,0,30,0,1,3,2,2,5,A
2283,466790,1,1,47,1,1,0,0,2,2,C
2284,466791,1,1,81,0,7,0,2,1,5,D
2285,466792,0,1,85,0,7,0,2,1,5,A
2286,466795,1,2,60,1,3,1,0,5,5,C
2287,466799,0,0,21,0,5,2,2,3,5,D
2288,466802,0,2,40,1,2,0,2,1,5,A
2289,466804,0,2,35,1,6,4,2,1,2,A
2290,466807,0,2,35,1,5,0,2,1,3,A
2291,466808,0,0,41,0,2,1,2,1,5,A
2292,466810,1,0,18,0,5,0,2,3,5,D
2293,466811,1,0,22,0,5,0,2,4,3,D
2294,466813,1,1,61,1,0,0,2,2,5,B
2295,466814,1,0,23,0,5,0,2,3,5,D
2296,466815,1,0,31,0,5,1,2,5,3,D
2297,466816,1,1,82,1,7,0,1,2,5,C
2298,466818,1,1,84,0,4,1,1,2,5,B
2299,466826,1,1,41,1,3,1,2,2,5,A
2300,466832,0,1,66,1,0,0,0,2,3,C
2301,466833,1,1,57,1,0,5,2,2,5,B
2302,466846,1,0,20,0,5,3,2,4,1,D
2303,466863,0,0,32,0,6,14,2,1,5,D
2304,466867,0,0,29,0,6,11,2,1,5,D
2305,466871,1,1,36,1,4,3,1,4,5,B
2306,466874,1,1,38,1,3,1,0,3,5,C
2307,466884,0,1,43,0,1,1,2,1,5,A
2308,466886,0,0,42,0,8,1,2,1,5,D
2309,466891,0,1,48,0,6,8,2,1,5,D
2310,466905,1,1,62,1,0,0,2,1,5,B
2311,466906,1,0,63,1,0,0,2,2,5,B
2312,466908,1,1,60,1,3,1,2,2,5,B
2313,466909,1,1,63,1,0,1,2,2,5,B
2314,466910,1,1,62,1,3,9,2,1,5,A
2315,466917,1,1,40,0,4,4,2,3,5,A
2316,466918,1,1,63,1,0,0,0,1,5,C
2317,466920,1,0,19,0,5,6,2,4,2,D
2318,466923,0,0,21,0,6,8,2,1,5,D
2319,466926,1,0,21,0,5,1,2,4,5,D
2320,466927,1,0,22,0,2,6,2,5,1,D
2321,466936,1,1,60,0,7,1,1,3,5,B
2322,466938,1,1,59,1,0,8,2,1,5,B
2323,466939,1,1,73,0,7,1,1,2,5,B
2324,466951,0,1,52,1,0,0,1,3,5,C
2325,466954,0,1,66,0,1,9,0,2,5,C
2326,466955,1,1,61,0,3,1,2,4,2,A
2327,466956,0,1,61,1,0,1,2,1,5,B
2328,466961,0,1,61,1,0,2,0,2,5,C
2329,466966,1,1,59,1,3,1,0,2,5,C
2330,466967,1,1,51,1,0,1,2,1,5,B
2331,466970,0,1,36,1,6,9,2,2,3,D
2332,466971,1,0,71,1,4,9,2,3,5,C
2333,466975,1,1,48,1,0,1,0,2,5,C
2334,466990,1,1,43,1,3,9,0,2,5,C
2335,466996,0,0,36,1,0,9,2,1,5,A
2336,466998,0,1,57,0,0,2,0,3,5,C
2337,466999,1,0,33,1,5,1,2,3,5,D
2338,467000,0,0,31,1,0,1,2,6,3,C
2339,467008,1,1,57,1,0,1,0,3,5,C
2340,467009,0,0,33,0,6,2,2,4,2,D
2341,467022,1,0,30,1,0,1,2,5,5,D
2342,467023,1,1,26,0,1,8,0,2,5,A
2343,467025,0,0,29,0,2,1,2,3,5,D
2344,467044,0,0,42,1,8,0,2,1,6,D
2345,467046,0,0,30,0,1,0,2,5,2,A
2346,467050,0,0,18,0,2,1,2,5,1,D
2347,467053,1,0,18,0,5,5,2,4,5,D
2348,467058,1,1,80,0,4,0,1,2,5,B
2349,467060,1,0,35,0,2,7,2,2,5,A
2350,467063,1,1,45,1,3,1,0,2,5,C
2351,467073,1,0,42,1,2,8,2,1,5,A
2352,467078,0,1,26,0,5,4,1,2,6,D
2353,467079,1,1,38,1,0,1,2,2,5,B
2354,467084,1,1,41,1,0,1,0,7,5,C
2355,467085,1,0,45,1,3,1,2,2,5,A
2356,467088,1,1,57,1,0,1,2,1,2,B
2357,467092,0,0,33,1,5,5,2,4,5,D
2358,467093,0,1,51,1,0,8,0,2,5,C
2359,467098,1,1,85,0,4,1,2,2,5,D
2360,467099,0,0,30,0,3,0,2,3,5,D
2361,467107,1,1,38,1,2,1,0,3,3,B
2362,467111,1,1,66,1,0,1,2,1,5,B
2363,467112,1,0,40,1,0,0,2,2,1,B
2364,467113,1,1,83,1,7,1,2,1,5,A
2365,467114,1,1,61,1,8,1,0,3,5,B
2366,467116,1,1,65,1,4,1,1,2,5,C
2367,467119,1,1,37,0,8,0,1,4,6,D
2368,467121,1,1,47,1,1,0,2,2,5,B
2369,467125,1,1,51,0,3,1,0,4,2,B
2370,467127,1,1,73,0,7,1,2,1,5,D
2371,467129,0,2,49,0,8,1,0,3,3,A
2372,467132,0,1,73,1,2,0,2,2,5,B
2373,467136,1,1,37,0,3,1,0,4,3,A
2374,467137,0,1,55,1,2,0,2,1,5,B
2375,467138,0,0,32,0,6,12,2,1,5,D
2376,467139,0,0,28,1,0,0,2,3,5,A
2377,467143,0,0,50,0,7,0,2,3,5,D
2378,467144,1,1,38,1,3,1,2,2,5,A
2379,467146,0,0,28,0,6,8,2,1,5,D
2380,467147,1,0,46,1,3,1,2,1,5,A
2381,467153,0,1,47,1,0,0,2,2,5,B
2382,467157,1,1,39,1,4,8,1,6,6,B
2383,467158,0,0,26,0,5,1,2,3,5,D
2384,467159,0,1,37,1,6,9,1,2,5,D
2385,467160,1,1,43,0,9,1,0,2,2,A
2386,467165,0,0,27,0,6,4,2,1,5,D
2387,467167,1,1,69,1,0,1,0,3,2,C
2388,467168,1,1,47,1,0,9,0,2,0,C
2389,467172,1,0,36,2,0,9,2,2,5,A
2390,467180,1,1,43,1,5,1,2,3,2,A
2391,467183,1,1,42,1,3,3,0,4,5,C
2392,467185,1,0,29,1,0,0,2,3,5,A
2393,467189,0,1,45,1,0,1,1,4,5,C
2394,467193,1,1,88,1,0,1,2,2,5,B
2395,467201,0,0,33,1,2,3,2,5,6,D
2396,467202,1,1,18,0,1,0,2,4,5,D
2397,467208,0,1,41,1,6,3,1,2,5,B
2398,467212,0,0,28,1,1,1,2,3,5,D
2399,467216,0,0,30,1,3,0,2,1,5,A
2400,467217,0,1,79,1,7,1,1,2,5,B
2401,467218,0,0,27,1,0,8,2,1,5,A
2402,467223,0,1,53,1,2,0,0,4,5,C
2403,467227,0,0,43,1,0,14,2,1,3,A
2404,467230,1,0,19,0,5,1,2,4,5,D
2405,467232,1,0,26,0,3,1,2,2,5,D
2406,467233,0,0,67,0,0,1,2,2,5,B
2407,467235,0,0,32,1,0,1,2,2,4,A
2408,467238,0,0,26,0,1,7,2,4,5,D
2409,467239,0,0,29,0,2,0,2,3,5,D
2410,467241,0,0,33,1,0,9,2,1,5,A
2411,467242,1,0,22,0,1,0,2,3,5,D
2412,467247,0,0,27,0,2,0,2,2,5,A
2413,467256,1,0,30,0,5,1,2,4,1,D
2414,467260,1,0,25,0,1,8,2,4,5,D
2415,467263,0,0,32,0,8,3,2,1,3,D
2416,467268,1,1,85,1,7,1,2,1,5,A
2417,467275,1,0,29,1,5,3,2,3,5,D
2418,467281,1,1,56,1,7,0,2,4,5,B
2419,467283,1,1,52,1,0,0,0,3,1,C
2420,467288,0,0,25,0,5,3,2,5,5,D
2421,467296,0,1,65,1,0,2,0,2,2,C
2422,467300,0,1,49,1,0,1,2,1,5,B
2423,467301,0,1,73,0,7,1,2,2,5,D
2424,467303,1,1,36,1,1,2,0,2,5,C
2425,467309,0,0,36,1,2,4,2,1,6,A
2426,467311,1,1,71,1,7,1,1,3,5,B
2427,467312,0,1,55,1,0,0,2,2,5,B
2428,467313,1,1,35,1,3,1,0,2,5,B
2429,467314,1,1,41,0,0,0,0,2,5,C
2430,467317,1,0,42,1,0,1,2,1,1,B
2431,467318,1,1,35,1,1,3,2,2,5,A
2432,467322,0,1,48,1,0,1,0,2,0,C
2433,467325,0,1,73,1,7,1,1,2,5,B
2434,467329,0,0,40,1,1,1,2,1,5,A
2435,467338,0,0,29,1,5,3,2,6,5,D
2436,467339,1,2,62,1,0,1,0,3,5,C
2437,467344,1,1,89,1,7,0,2,2,5,A
2438,467345,1,1,86,1,7,0,2,1,5,A
2439,467346,1,1,38,1,0,0,0,3,5,C
2440,467352,1,1,45,1,4,0,1,4,5,B
2441,467355,1,0,26,0,5,0,2,4,5,D
2442,467357,1,1,55,1,9,1,2,2,5,D
2443,467358,0,1,52,1,0,1,0,5,5,C
2444,467359,1,1,43,1,0,5,0,2,5,C
2445,467365,1,0,35,1,0,1,2,1,5,A
2446,467367,1,1,73,1,7,1,2,2,5,B
2447,467369,1,0,41,1,0,4,2,3,5,A
2448,467373,1,0,27,1,5,4,2,1,5,D
2449,467375,1,1,35,1,3,6,2,3,5,D
2450,467378,0,1,63,1,0,0,0,2,5,C
2451,467384,1,0,41,1,9,3,2,1,5,D
2452,467385,1,0,53,0,0,1,2,3,3,B
2453,467389,1,0,42,0,2,0,2,3,5,A
2454,467393,0,1,46,1,0,0,0,4,5,C
2455,467398,1,1,38,0,3,0,2,2,5,A
2456,467399,1,1,25,1,1,1,2,3,5,A
2457,467403,0,1,40,1,0,7,0,3,3,C
2458,467410,0,1,55,1,7,1,2,2,5,B
2459,467415,0,0,29,1,5,0,2,1,5,D
2460,467419,0,1,39,1,0,2,2,1,5,B
2461,467421,1,1,50,0,1,1,0,3,5,C
2462,467422,0,1,61,1,0,1,0,2,5,C
2463,467423,1,1,56,1,0,0,2,1,5,B
2464,467434,1,0,40,1,3,1,2,3,0,A
2465,467437,0,1,86,1,7,0,1,2,5,B
2466,467438,1,0,27,0,3,5,2,3,5,D
2467,467441,1,0,35,1,0,3,2,1,5,A
2468,467442,1,1,56,1,0,2,0,2,5,C
2469,467444,0,1,36,1,0,3,2,2,5,B
2470,467445,1,1,32,0,1,9,2,2,1,A
2471,467449,0,1,85,1,7,1,2,2,5,B
2472,467451,0,1,51,1,0,0,2,1,0,B
2473,467455,0,0,41,1,0,8,2,2,5,C
2474,467456,1,1,42,0,4,5,1,4,5,B
2475,467457,0,0,30,1,8,0,2,6,5,D
2476,467459,1,1,42,1,4,2,1,5,5,B
2477,467463,0,1,42,1,0,9,0,3,5,C
2478,467468,0,0,25,0,5,3,2,5,6,D
2479,467472,1,1,60,1,4,4,1,4,5,C
2480,467474,1,0,18,0,5,2,2,5,5,D
2481,467479,1,1,36,1,4,0,0,4,5,B
2482,467481,1,1,49,1,0,0,0,2,5,C
2483,467482,1,1,42,1,4,1,1,3,5,B
2484,467487,1,1,42,0,0,1,0,5,3,B
2485,467488,0,1,39,1,3,3,0,2,1,A
2486,467492,0,1,62,1,1,1,2,2,6,B
2487,467493,1,1,47,1,4,0,1,4,7,C
2488,467499,1,1,39,1,0,3,2,3,5,B
2489,467500,0,1,25,1,0,3,1,2,5,A
2490,467503,0,0,27,1,0,1,2,4,5,D
2491,467504,0,2,31,0,1,0,2,4,5,A
2492,467505,1,1,36,1,0,0,2,4,5,A
2493,467510,1,1,51,1,3,3,2,3,5,B
2494,467511,1,1,63,1,3,2,2,1,5,A
2495,467514,1,0,40,1,0,2,2,4,5,A
2496,467518,1,0,22,0,1,1,2,3,5,D
2497,467532,1,1,52,1,0,9,2,1,5,B
2498,467533,1,1,89,1,7,4,2,1,5,A
2499,467537,0,1,65,0,7,1,1,3,5,B
2500,467539,1,1,48,1,0,2,0,4,6,C
2501,467540,1,1,48,1,5,1,0,4,5,B
2502,467542,1,0,31,1,5,8,2,1,5,D
2503,467557,0,1,62,1,0,2,0,2,5,C
2504,467559,1,1,58,1,4,0,0,4,5,C
2505,467565,1,1,60,1,0,0,2,3,5,B
2506,467569,1,0,19,0,5,3,2,4,5,D
2507,467570,1,0,18,0,5,14,2,3,5,D
2508,467576,1,1,48,1,1,1,0,3,5,C
2509,467579,1,0,35,1,1,5,2,1,5,A
2510,467580,1,0,27,1,1,3,2,3,5,D
2511,467588,1,1,60,1,0,0,0,4,5,C
2512,467589,1,0,32,0,3,0,2,1,5,A
2513,467592,1,1,40,1,3,7,2,2,5,A
2514,467595,0,0,25,1,5,0,2,1,5,D
2515,467596,1,1,42,0,0,1,2,5,2,A
2516,467604,1,0,26,0,5,8,2,8,3,D
2517,467608,1,0,27,1,2,6,2,1,5,D
2518,467609,1,0,42,0,0,2,2,4,5,A
2519,467610,0,1,77,1,7,4,2,1,5,C
2520,467612,1,1,70,1,4,0,2,2,6,B
2521,467614,1,1,36,0,0,4,0,2,5,C
2522,467620,1,1,57,1,7,6,2,3,5,C
2523,467621,1,1,76,1,7,1,2,1,5,A
2524,467623,1,1,77,1,9,0,1,2,5,B
2525,467629,1,1,52,1,0,1,2,1,5,B
2526,467635,0,0,35,1,0,9,2,1,5,A
2527,467641,1,1,43,1,1,9,0,2,5,C
2528,467643,1,0,43,1,0,14,2,1,2,A
2529,467654,0,1,62,1,0,2,1,4,5,C
2530,467657,1,0,21,0,5,0,2,4,2,D
2531,467658,1,0,23,0,5,0,2,4,2,D
2532,467659,1,1,65,1,3,0,0,2,5,C
2533,467664,1,1,35,1,4,4,1,4,5,B
2534,467666,1,1,48,1,4,4,1,3,5,B
2535,467667,1,1,33,0,1,9,2,2,5,A
2536,467669,1,1,82,0,7,1,1,2,5,B
2537,467673,1,1,45,0,4,1,1,4,5,B
2538,467678,1,0,56,0,8,1,2,2,5,D
2539,467679,0,1,49,1,0,2,0,4,1,C
2540,467683,1,1,30,1,5,8,1,3,1,D
2541,467684,1,0,37,1,5,8,2,3,1,D
2542,467685,1,1,51,0,8,0,1,6,3,D
2543,467693,1,1,59,1,3,5,1,5,5,C
2544,467694,1,1,56,1,4,0,1,2,5,B
2545,467699,0,1,29,1,1,0,0,2,3,A
2546,467705,1,1,31,1,0,3,2,2,5,A
2547,467706,0,1,35,1,0,3,0,4,5,C
2548,467707,1,1,89,1,7,7,1,2,5,C
2549,467710,0,0,38,1,0,9,2,4,5,C
2550,467715,1,1,45,1,4,4,1,3,5,B
2551,467721,1,0,37,1,3,0,2,1,3,A
2552,467723,1,1,74,0,4,1,2,7,5,D
2553,467726,1,1,82,1,7,0,1,2,5,B
2554,467727,1,1,53,1,0,7,1,4,2,C
2555,467728,0,1,43,0,2,0,1,5,5,A
2556,467729,1,1,62,1,3,2,0,6,5,C
2557,467733,1,1,56,0,4,8,1,3,5,C
2558,467734,1,1,88,1,7,3,1,2,5,C
2559,467735,1,0,28,1,1,0,2,2,5,A
2560,467737,0,1,51,1,3,5,0,2,5,C
2561,467739,0,1,60,0,0,0,0,4,5,C
2562,467740,1,0,19,0,5,0,2,3,5,D
2563,467741,1,0,23,0,5,1,2,3,3,D
2564,467749,1,0,20,0,5,0,2,9,6,D
2565,467763,0,0,50,1,0,1,2,1,1,B
2566,467767,0,0,21,0,8,4,2,4,5,D
2567,467768,1,1,62,1,1,0,0,2,5,C
2568,467769,0,0,36,1,1,1,2,1,2,A
2569,467772,0,0,31,0,8,0,2,2,5,D
2570,467779,1,1,52,1,1,4,0,3,5,C
2571,467789,1,0,20,0,5,1,2,5,5,D
2572,467798,0,0,23,0,9,4,2,2,5,D
2573,467802,0,1,48,1,0,1,1,5,5,C
2574,467803,0,1,40,1,3,6,0,2,5,C
2575,467806,1,1,55,1,0,1,1,2,5,C
2576,467808,0,1,62,1,0,1,0,2,5,C
2577,467812,1,0,48,1,0,0,2,1,1,B
2578,467813,1,1,36,1,3,1,2,2,3,A
2579,467815,0,1,73,1,0,0,2,2,5,B
2580,467825,0,0,23,0,8,0,2,8,5,D
2581,467828,0,1,25,1,0,0,0,2,1,A
2582,467838,1,1,60,1,0,0,0,2,5,C
2583,467848,1,0,37,1,0,14,2,1,5,A
2584,467849,0,1,39,1,1,0,2,1,1,A
2585,467852,0,0,39,1,0,12,2,1,5,A
2586,467856,1,1,58,1,0,0,2,2,5,B
2587,467860,0,0,33,1,3,0,2,1,6,D
2588,467861,0,0,29,0,0,3,2,4,3,A
2589,467864,0,1,66,1,7,1,1,2,5,B
2590,467865,0,0,40,1,0,2,2,1,3,A
2591,467868,0,1,66,1,3,0,1,2,5,B
2592,467876,0,1,50,1,0,9,1,2,5,C
2593,467879,0,1,51,1,0,2,1,4,5,C
2594,467880,0,1,50,1,0,0,0,2,5,C
2595,467882,0,0,39,1,0,1,2,1,5,A
2596,467883,0,1,46,1,0,0,0,2,5,C
2597,467888,1,0,29,0,1,0,2,4,5,D
2598,467891,0,0,29,1,1,0,2,5,5,D
2599,467892,1,0,23,0,1,1,2,5,5,D
2600,467894,1,1,57,1,0,1,0,2,5,C
2601,467895,0,0,31,1,5,1,2,4,5,D
2602,467898,0,1,69,1,0,1,2,1,5,B
2603,467901,0,0,28,1,3,0,2,4,5,D
2604,467904,0,0,31,1,0,14,2,1,5,A
2605,467905,1,1,37,1,4,0,1,3,5,B
2606,467911,1,1,58,1,5,0,2,4,5,B
2607,467913,1,1,48,1,0,3,2,1,5,B
2608,467915,0,0,18,0,1,1,2,4,5,D
2609,467917,0,0,27,1,5,2,2,4,0,D
2610,467927,1,0,30,1,1,8,2,6,1,D
2611,467929,0,1,36,1,0,1,0,2,5,C
2612,467930,1,1,45,1,3,4,0,2,5,C
2613,467932,0,0,26,0,5,1,2,4,5,D
2614,467933,0,0,23,0,5,0,2,3,5,D
2615,467934,0,0,42,1,0,0,2,1,5,A
2616,467938,1,1,46,1,3,5,2,1,1,A
2617,467940,0,0,27,0,8,8,2,4,1,D
2618,467946,0,1,42,1,0,0,2,2,5,B
2619,467948,0,0,19,0,5,0,2,3,5,D
2620,467949,1,0,21,0,5,1,2,4,3,D
2621,467950,0,0,35,1,3,1,2,2,5,D
2622,467954,1,0,29,0,5,9,2,4,5,D
2623,467958,0,0,35,1,1,1,2,1,5,A
2624,467960,0,0,53,1,3,2,2,2,5,D
2625,467961,1,1,47,1,4,1,1,5,3,B
2626,467968,0,0,43,1,5,9,2,3,6,D
